-- phpMyAdmin SQL Dump
-- version 5.2.0
-- https://www.phpmyadmin.net/
--
-- Hôte : 127.0.0.1
-- Généré le : ven. 23 déc. 2022 à 02:51
-- Version du serveur : 10.4.27-MariaDB
-- Version de PHP : 8.1.12

SET SQL_MODE = "NO_AUTO_VALUE_ON_ZERO";
START TRANSACTION;
SET time_zone = "+00:00";


/*!40101 SET @OLD_CHARACTER_SET_CLIENT=@@CHARACTER_SET_CLIENT */;
/*!40101 SET @OLD_CHARACTER_SET_RESULTS=@@CHARACTER_SET_RESULTS */;
/*!40101 SET @OLD_COLLATION_CONNECTION=@@COLLATION_CONNECTION */;
/*!40101 SET NAMES utf8mb4 */;

--
-- Base de données : `betinstinct`
--

-- --------------------------------------------------------

--
-- Structure de la table `admin`
--

CREATE TABLE `admin` (
                         `id` int(11) NOT NULL,
                         `email` varchar(180) NOT NULL,
                         `roles` longtext NOT NULL COMMENT '(DC2Type:json)',
                         `password` varchar(255) NOT NULL
) ENGINE=InnoDB DEFAULT CHARSET=utf8mb4 COLLATE=utf8mb4_unicode_ci;

-- --------------------------------------------------------

--
-- Structure de la table `affiche`
--

CREATE TABLE `affiche` (
                           `id` int(11) NOT NULL,
                           `tournoi_id` int(11) NOT NULL,
                           `favori_id` int(11) NOT NULL,
                           `challenger_id` int(11) NOT NULL,
                           `schedule` datetime NOT NULL,
                           `score` varchar(255) NOT NULL,
                           `cote_favorite` double DEFAULT NULL,
                           `cote_outsider` double DEFAULT NULL,
                           `archived` tinyint(1) DEFAULT NULL,
                           `equipeA_id` int(11) DEFAULT NULL,
                           `EquipeB_id` int(11) DEFAULT NULL,
                           `Cote_match_null` double DEFAULT NULL,
                           `niveau` enum('1','2','3','4') DEFAULT NULL
) ENGINE=InnoDB DEFAULT CHARSET=utf8mb4 COLLATE=utf8mb4_unicode_ci;

--
-- Déchargement des données de la table `affiche`
--

INSERT INTO `affiche` (`id`, `tournoi_id`, `favori_id`, `challenger_id`, `schedule`, `score`, `cote_favorite`, `cote_outsider`, `archived`, `equipeA_id`, `EquipeB_id`, `Cote_match_null`, `niveau`) VALUES
                                                                                                                                                                                                         (4, 2, 40, 39, '2021-08-25 00:00:00', '??', 1.17, 4.95, 1, NULL, NULL, NULL, NULL),
                                                                                                                                                                                                         (5, 2, 42, 41, '2021-08-25 00:00:00', '??', 1.74, 2.15, 1, NULL, NULL, NULL, NULL),
                                                                                                                                                                                                         (6, 2, 44, 43, '2021-08-25 00:00:00', '??', 1.6, 2.3, 1, NULL, NULL, NULL, NULL),
                                                                                                                                                                                                         (7, 2, 47, 48, '2021-08-27 00:00:00', '2', 1.17, 2.75, 1, NULL, NULL, NULL, NULL),
                                                                                                                                                                                                         (8, 2, 49, 50, '2021-08-30 00:00:00', '??', 1.7, 2.25, 1, NULL, NULL, NULL, NULL),
                                                                                                                                                                                                         (9, 2, 26, 51, '2021-08-30 00:00:00', '??', NULL, NULL, 1, NULL, NULL, NULL, NULL),
                                                                                                                                                                                                         (10, 2, 66, 67, '2021-09-04 00:00:00', '??', 1.8, 2.1, 1, NULL, NULL, NULL, NULL),
                                                                                                                                                                                                         (11, 2, 1, 68, '2021-09-05 00:55:00', '??', NULL, NULL, 1, NULL, NULL, NULL, NULL),
                                                                                                                                                                                                         (12, 2, 71, 70, '2021-09-10 01:14:00', '??', 1.34, 3.75, 1, NULL, NULL, NULL, NULL),
                                                                                                                                                                                                         (13, 2, 69, 38, '2021-09-10 02:25:00', '??', 1.7, 2.3, 1, NULL, NULL, NULL, NULL),
                                                                                                                                                                                                         (14, 3, 72, 61, '2021-09-10 14:40:00', '1-2', 1.61, 2.38, 1, NULL, NULL, NULL, NULL),
                                                                                                                                                                                                         (15, 2, 3, 4, '2021-09-12 22:07:00', '??', 1.32, 2.6, 1, NULL, NULL, NULL, NULL),
                                                                                                                                                                                                         (16, 4, 73, 74, '2021-09-14 11:00:00', '??', 1.47, 2.65, 1, NULL, NULL, NULL, NULL),
                                                                                                                                                                                                         (17, 4, 76, 75, '2021-09-14 11:00:00', '??', 1.09, 7.5, 1, NULL, NULL, NULL, NULL),
                                                                                                                                                                                                         (18, 4, 78, 77, '2021-09-14 11:01:00', '??', 1.25, 3.75, 1, NULL, NULL, NULL, NULL),
                                                                                                                                                                                                         (19, 6, 83, 84, '2021-09-18 17:00:00', '??', 1.27, 3.15, 1, NULL, NULL, NULL, NULL),
                                                                                                                                                                                                         (20, 6, 22, 89, '2021-09-18 17:05:00', '??', 1.33, 2.8, 1, NULL, NULL, NULL, NULL),
                                                                                                                                                                                                         (21, 6, 82, 81, '2021-09-18 17:05:00', '??', 1.14, 4.4, 1, NULL, NULL, NULL, NULL),
                                                                                                                                                                                                         (22, 6, 87, 86, '2021-09-18 18:05:00', '??', 1.05, 6.5, 1, NULL, NULL, NULL, NULL),
                                                                                                                                                                                                         (23, 6, 90, 88, '2021-09-18 21:30:00', '??', 1.6, 2.05, 1, NULL, NULL, NULL, NULL),
                                                                                                                                                                                                         (24, 4, 76, 91, '2021-09-19 18:35:00', '??', 1.66, 2.2, 1, NULL, NULL, NULL, NULL),
                                                                                                                                                                                                         (25, 7, 96, 47, '2021-09-20 18:00:00', '??', 1.6, 2.4, 1, NULL, NULL, NULL, NULL),
                                                                                                                                                                                                         (26, 7, 94, 95, '2021-09-20 18:00:00', '??', 1.33, 3.4, 1, NULL, NULL, NULL, NULL),
                                                                                                                                                                                                         (27, 8, 92, 93, '2021-09-20 18:00:00', '??', 1.67, 2.25, 1, NULL, NULL, NULL, NULL),
                                                                                                                                                                                                         (28, 9, 97, 98, '2021-09-22 06:00:00', '??', 1.68, 2.2, 1, NULL, NULL, NULL, NULL),
                                                                                                                                                                                                         (29, 9, 102, 101, '2021-09-22 06:00:00', '??', 1.56, 2.45, 1, NULL, NULL, NULL, NULL),
                                                                                                                                                                                                         (30, 9, 100, 99, '2021-09-22 06:00:00', '??', 1.45, 2.8, 1, NULL, NULL, NULL, NULL),
                                                                                                                                                                                                         (31, 7, 106, 107, '2021-09-21 18:25:00', '??', 1.45, 2.9, 1, NULL, NULL, NULL, NULL),
                                                                                                                                                                                                         (32, 7, 109, 108, '2021-09-21 18:01:00', '??', 1.45, 2.8, 1, NULL, NULL, NULL, NULL),
                                                                                                                                                                                                         (33, 7, 105, 104, '2021-09-21 17:47:00', '??', 1.34, 2.6, 1, NULL, NULL, NULL, NULL),
                                                                                                                                                                                                         (34, 11, 113, 49, '2021-09-27 15:00:00', '??', 1.47, 2.8, 1, NULL, NULL, NULL, NULL),
                                                                                                                                                                                                         (35, 12, 114, 115, '2021-09-27 16:00:00', '??', 1.8, 2.05, 1, NULL, NULL, NULL, NULL),
                                                                                                                                                                                                         (36, 12, 117, 116, '2021-09-27 16:01:00', '??', 1.82, 2.05, 1, NULL, NULL, NULL, NULL),
                                                                                                                                                                                                         (37, 12, 108, 118, '2021-09-27 16:00:00', '??', 1.33, 3.55, 1, NULL, NULL, NULL, NULL),
                                                                                                                                                                                                         (38, 14, 1, 1, '2021-09-29 21:22:00', '??', 2, 3.75, 1, 9, 10, NULL, NULL),
                                                                                                                                                                                                         (39, 10, 121, 73, '2021-09-30 11:45:00', '??', 1.68, 2.25, 1, NULL, NULL, NULL, NULL),
                                                                                                                                                                                                         (40, 10, 120, 119, '2021-09-30 10:09:00', '??', 1.6, 2.42, 1, NULL, NULL, NULL, NULL),
                                                                                                                                                                                                         (41, 11, 100, 49, '2021-09-30 13:45:00', '??', 1.8, 1.9, 1, NULL, NULL, NULL, NULL),
                                                                                                                                                                                                         (42, 15, 1, 2, '2021-09-30 21:12:00', '??', 1.8, 3.2, 1, 14, 13, NULL, NULL),
                                                                                                                                                                                                         (43, 15, 1, 3, '2021-09-30 21:17:00', '??', 1.55, 4.5, 1, 15, 16, NULL, NULL),
                                                                                                                                                                                                         (44, 15, 1, 4, '2021-09-30 21:19:00', '??', 1.16, 9.5, 1, 17, 18, NULL, NULL),
                                                                                                                                                                                                         (45, 15, 1, 5, '2021-09-30 21:22:00', '??', 1.8, 3.2, 1, 20, 19, NULL, NULL),
                                                                                                                                                                                                         (46, 15, 122, 123, '2021-10-01 21:00:00', '??', 2, 4.3, 1, 25, 26, 3.5, NULL),
                                                                                                                                                                                                         (47, 13, 10, 17, '2021-10-01 21:45:00', '??', 1.32, 3.68, 1, NULL, NULL, 3.68, NULL),
                                                                                                                                                                                                         (48, 13, 8, 89, '2021-10-02 14:39:00', '??', 1.33, 3.75, 1, NULL, NULL, NULL, NULL),
                                                                                                                                                                                                         (49, 13, 3, 12, '2021-10-02 14:49:00', '??', 1.33, 3.75, 1, NULL, NULL, NULL, NULL),
                                                                                                                                                                                                         (50, 13, 16, 17, '2021-10-02 14:52:00', '??', 1.33, 2.95, 1, NULL, NULL, NULL, NULL),
                                                                                                                                                                                                         (51, 8, 1, 9, '2021-10-02 14:53:00', '??', 1.33, 2.6, 1, NULL, NULL, NULL, NULL),
                                                                                                                                                                                                         (52, 16, 124, 125, '2021-10-02 21:40:00', '??', 1.55, 6, 1, 31, 32, 4.55, NULL),
                                                                                                                                                                                                         (53, 1, 13, 21, '2021-10-03 08:29:00', '??', 1.33, 3.4, 1, NULL, NULL, NULL, NULL),
                                                                                                                                                                                                         (54, 21, 130, 129, '2021-10-05 18:01:00', '??', 1.81, 4.2, 1, 37, 36, 3.22, NULL),
                                                                                                                                                                                                         (55, 22, 96, 73, '2021-10-06 21:16:00', '??', 1.6, 2.4, 1, NULL, NULL, NULL, NULL),
                                                                                                                                                                                                         (56, 22, 132, 131, '2021-10-06 23:22:00', '??', 1.31, 3.55, 1, NULL, NULL, NULL, NULL),
                                                                                                                                                                                                         (57, 22, 114, 133, '2021-10-06 23:02:00', '??', 1.62, 2.2, 1, NULL, NULL, NULL, NULL),
                                                                                                                                                                                                         (58, 22, 134, 135, '2021-10-06 23:23:00', '2-0', 1.91, 1.94, 1, NULL, NULL, NULL, NULL),
                                                                                                                                                                                                         (59, 21, 138, 140, '2021-10-08 18:00:00', '3-1', 2.55, 2.98, 1, 40, 42, 2.58, NULL),
                                                                                                                                                                                                         (60, 21, 143, 142, '2021-10-12 18:00:00', '4-0', 1.18, 20, 1, 44, 43, 7.5, NULL),
                                                                                                                                                                                                         (61, 21, 144, 145, '2021-10-12 18:00:00', '??', 1.38, 9, 1, 45, 46, 4.5, NULL),
                                                                                                                                                                                                         (62, 21, 146, 130, '2021-10-12 18:01:00', '??', 1.41, 8.25, 1, 47, 37, 4.5, NULL),
                                                                                                                                                                                                         (63, 22, 32, 15, '2021-10-12 21:41:00', '??', 1.74, 2.14, 1, NULL, NULL, NULL, NULL),
                                                                                                                                                                                                         (64, 22, 68, 148, '2021-10-12 21:54:00', '1', 1.64, 2.33, 1, NULL, NULL, NULL, NULL),
                                                                                                                                                                                                         (65, 22, 8, 149, '2021-10-12 23:57:00', '2', 1.2, 4.8, 1, NULL, NULL, NULL, NULL),
                                                                                                                                                                                                         (66, 22, 151, 152, '2021-10-13 01:08:00', '??', 1.65, 2.31, 1, NULL, NULL, NULL, NULL),
                                                                                                                                                                                                         (67, 22, 106, 153, '2021-10-12 23:19:00', '2', 1.55, 2.6, 1, NULL, NULL, NULL, NULL),
                                                                                                                                                                                                         (68, 22, 23, 154, '2021-10-13 04:01:00', '2', 1.46, 2.8, 1, NULL, NULL, NULL, NULL),
                                                                                                                                                                                                         (69, 13, 12, 1, '2021-10-15 15:01:00', '2', 1.8, 2.8, 1, NULL, NULL, NULL, NULL),
                                                                                                                                                                                                         (70, 13, 13, 14, '2021-10-15 16:01:00', '2', 1.6, 3.4, 1, NULL, NULL, NULL, NULL),
                                                                                                                                                                                                         (71, 13, 5, 19, '2021-10-15 16:03:00', '2', 1.55, 2.2, 1, NULL, NULL, NULL, NULL),
                                                                                                                                                                                                         (72, 11, 18, 9, '2021-10-15 16:15:00', '2', 1.55, 2.6, 1, NULL, NULL, NULL, NULL),
                                                                                                                                                                                                         (73, 22, 5, 68, '2021-10-15 22:16:00', '??', 1.29, 3.8, 1, NULL, NULL, NULL, NULL),
                                                                                                                                                                                                         (74, 22, 8, 147, '2021-10-15 21:14:00', '??', 1.21, 5.01, 1, NULL, NULL, NULL, NULL),
                                                                                                                                                                                                         (75, 22, 156, 155, '2021-10-16 03:19:00', '3', 1.55, 2.58, 1, NULL, NULL, NULL, NULL),
                                                                                                                                                                                                         (76, 22, 58, 152, '2021-10-16 03:06:00', '3', 1.7, 2.2, 1, NULL, NULL, NULL, NULL),
                                                                                                                                                                                                         (77, 22, 68, 4, '2021-10-16 03:09:00', '??', 1.8, 2.8, 1, NULL, NULL, NULL, NULL),
                                                                                                                                                                                                         (78, 20, 201, 200, '2021-10-16 14:45:00', '3', 1.58, 5.65, 1, 92, 91, 4.35, NULL),
                                                                                                                                                                                                         (80, 20, 202, 196, '2021-10-17 12:45:00', '??', 2.55, 2.82, 1, 21, 87, 3.41, NULL),
                                                                                                                                                                                                         (81, 19, 166, 164, '2021-10-17 15:55:00', '??', 2.7, 2.8, 1, 57, 17, 3.3, NULL),
                                                                                                                                                                                                         (82, 23, 204, 205, '2021-10-18 17:10:00', '2', 1.66, 2.24, 1, NULL, NULL, NULL, NULL),
                                                                                                                                                                                                         (83, 23, 117, 76, '2021-10-19 10:00:00', '??', 1.73, 2.11, 1, NULL, NULL, NULL, NULL),
                                                                                                                                                                                                         (84, 23, 211, 209, '2021-10-19 13:13:00', '??', 1.31, 2.75, 1, NULL, NULL, NULL, NULL),
                                                                                                                                                                                                         (85, 22, 212, 213, '2021-10-19 13:31:00', '??', 1.62, 2.31, 1, NULL, NULL, NULL, NULL),
                                                                                                                                                                                                         (86, 1, 1, 1, '2021-10-19 13:56:00', '??', 1.8, 2.6, 1, NULL, NULL, NULL, '1'),
                                                                                                                                                                                                         (89, 1, 9, 18, '2021-10-19 15:36:00', '??', 1.8, 2.6, 1, NULL, NULL, NULL, '1'),
                                                                                                                                                                                                         (90, 22, 218, 148, '2021-10-19 15:58:00', '??', 1.6, 2.6, 1, NULL, NULL, NULL, '1'),
                                                                                                                                                                                                         (91, 14, 158, 195, '2021-10-19 18:51:00', '??', 1.8, 2.8, 1, 49, 86, 3.68, '1'),
                                                                                                                                                                                                         (92, 7, 91, 115, '2021-10-20 12:31:00', '??', 1.8, 3.75, 1, NULL, NULL, NULL, '1'),
                                                                                                                                                                                                         (93, 25, 222, 221, '2021-10-20 13:43:00', '??', 1.45, 2.15, 1, NULL, NULL, NULL, '1'),
                                                                                                                                                                                                         (94, 25, 220, 50, '2021-10-20 14:51:00', '??', 1.58, 2.45, 1, NULL, NULL, NULL, '1'),
                                                                                                                                                                                                         (95, 25, 19, 216, '2021-10-20 15:52:00', '??', 1.16, 5.5, 1, NULL, NULL, NULL, '1'),
                                                                                                                                                                                                         (96, 5, 224, 223, '2021-10-20 15:00:00', '??', 1.7, 2.2, 1, NULL, NULL, NULL, '1'),
                                                                                                                                                                                                         (97, 5, 32, 100, '2021-10-20 17:30:00', '??', 1.23, 4.31, 1, NULL, NULL, NULL, '1'),
                                                                                                                                                                                                         (98, 14, 169, 194, '2021-10-20 21:01:00', '??', 1.68, 4.91, 1, 3, 85, 4.35, '3'),
                                                                                                                                                                                                         (99, 14, 226, 225, '2021-10-20 20:59:00', '??', 1.5, 6.5, 1, 5, 7, 4.9, '3'),
                                                                                                                                                                                                         (100, 14, 227, 228, '2021-10-20 21:02:00', '??', 2.41, 3.41, 1, 12, 93, 3.11, '1'),
                                                                                                                                                                                                         (101, 14, 230, 229, '2021-10-20 21:05:00', '??', 2.11, 3.51, 1, 4, 94, 3.71, '1'),
                                                                                                                                                                                                         (102, 14, 233, 231, '2021-10-20 21:00:00', '??', 2.41, 3.25, 1, 1, 95, 3.31, '1'),
                                                                                                                                                                                                         (103, 14, 234, 232, '2021-10-20 21:08:00', '??', 1.08, 40, 1, 2, 96, 13, '1'),
                                                                                                                                                                                                         (104, 25, 235, 218, '2021-10-21 13:07:00', '??', 1.42, 2.95, 1, NULL, NULL, NULL, '1'),
                                                                                                                                                                                                         (105, 23, 237, 236, '2021-10-21 13:15:00', '??', 1.22, 4.41, 1, NULL, NULL, NULL, '3'),
                                                                                                                                                                                                         (106, 25, 238, 25, '2021-10-21 14:20:00', '??', 1.58, 2.41, 1, NULL, NULL, NULL, '1'),
                                                                                                                                                                                                         (107, 15, 240, 239, '2021-10-21 21:09:00', '??', 1.95, 3.72, 1, 98, 97, 3.92, '1'),
                                                                                                                                                                                                         (108, 15, 174, 241, '2021-10-21 21:16:00', '??', 1.85, 3.88, 1, 65, 99, 3.68, '1'),
                                                                                                                                                                                                         (109, 15, 242, 243, '2021-10-21 21:09:00', '??', 2.41, 2.81, 1, 16, 100, 3.31, '1'),
                                                                                                                                                                                                         (110, 15, 244, 245, '2021-10-21 21:08:00', '??', 1.91, 3.91, 1, 101, 102, 3.71, '1'),
                                                                                                                                                                                                         (111, 15, 203, 246, '2021-10-21 21:00:00', '??', 1.35, 6.55, 1, 17, 19, 5.11, '3'),
                                                                                                                                                                                                         (112, 36, 252, 250, '2021-10-23 01:11:00', '??', 1.25, 3.85, 1, 108, 106, NULL, '1'),
                                                                                                                                                                                                         (113, 36, 260, 261, '2021-10-23 02:05:00', '??', 1.33, 2.2, 1, 115, 116, NULL, '1'),
                                                                                                                                                                                                         (114, 36, 262, 263, '2021-10-23 02:12:00', '??', 1.64, 2.31, 1, NULL, NULL, NULL, '1'),
                                                                                                                                                                                                         (115, 36, 264, 265, '2021-10-23 02:17:00', '??', 1.28, 3.65, 1, NULL, NULL, NULL, '1'),
                                                                                                                                                                                                         (116, 36, 266, 249, '2021-10-23 04:17:00', '??', 1.84, 1.98, 1, NULL, NULL, NULL, '1'),
                                                                                                                                                                                                         (117, 36, 268, 267, '2021-10-23 04:15:00', '??', 1.8, 3.4, 1, NULL, NULL, NULL, '2'),
                                                                                                                                                                                                         (118, 24, 69, 269, '2021-10-23 13:05:00', '??', 1.54, 2.61, 1, NULL, NULL, NULL, '1'),
                                                                                                                                                                                                         (119, 25, 19, 235, '2021-10-23 15:08:00', '??', 1.56, 2.51, 1, NULL, NULL, NULL, '1'),
                                                                                                                                                                                                         (120, 5, 271, 102, '2021-10-23 16:10:00', '??', 1.42, 3.01, 1, NULL, NULL, NULL, '1'),
                                                                                                                                                                                                         (121, 23, 114, 116, '2021-10-23 16:19:00', '??', 1.72, 2.21, 1, NULL, NULL, NULL, '1'),
                                                                                                                                                                                                         (122, 5, 32, 28, '2021-10-23 17:23:00', '??', 1.8, 1.94, 1, NULL, NULL, NULL, '1'),
                                                                                                                                                                                                         (123, 25, 222, 17, '2021-10-23 17:29:00', '??', 1.71, 2.25, 1, NULL, NULL, NULL, '1'),
                                                                                                                                                                                                         (124, 36, 300, 299, '2022-12-17 01:00:00', '111', 1.46, 2.75, 0, 142, 141, NULL, '1'),
                                                                                                                                                                                                         (125, 19, 168, 172, '2022-12-20 20:45:00', '??', 1.31, 8.51, 0, 59, 63, 5.01, '1'),
                                                                                                                                                                                                         (126, 20, 201, 233, '2022-12-20 17:53:00', '..', 1.58, 1.4, 0, 92, 1, 2.6, '1'),
                                                                                                                                                                                                         (127, 34, 244, 287, '2022-12-21 12:49:00', '??', 1.58, 2.47, 0, 101, 129, NULL, '1'),
                                                                                                                                                                                                         (128, 36, 301, 252, '2022-12-21 14:21:00', '..', 1.4, 2.9, 0, 122, 108, NULL, '1'),
                                                                                                                                                                                                         (129, 15, 242, 232, '2022-12-21 11:51:00', '3', 1.78, 6.9, 0, 16, 96, 5.2, '1');

-- --------------------------------------------------------

--
-- Structure de la table `association`
--

CREATE TABLE `association` (
                               `id` int(11) NOT NULL,
                               `name` varchar(255) NOT NULL,
                               `sport_id` int(11) DEFAULT NULL
) ENGINE=InnoDB DEFAULT CHARSET=utf8mb4 COLLATE=utf8mb4_unicode_ci;

--
-- Déchargement des données de la table `association`
--

INSERT INTO `association` (`id`, `name`, `sport_id`) VALUES
                                                         (1, 'ATP', NULL),
                                                         (2, 'WTA', NULL),
                                                         (3, 'Ligue1', NULL),
                                                         (4, 'CAF', NULL),
                                                         (5, 'UEFA', NULL),
                                                         (6, 'FIBA', NULL);

-- --------------------------------------------------------

--
-- Structure de la table `athlete`
--

CREATE TABLE `athlete` (
                           `id` int(11) NOT NULL,
                           `pays_id` int(11) NOT NULL,
                           `origine_id` int(11) DEFAULT NULL,
                           `nom` varchar(255) NOT NULL,
                           `prenom` varchar(255) NOT NULL,
                           `birthdate` datetime NOT NULL,
                           `taille` double NOT NULL,
                           `ranking_id` int(11) DEFAULT NULL,
                           `birth_place_id` int(11) DEFAULT NULL,
                           `avatar` varchar(255) DEFAULT NULL,
                           `updated_at` datetime DEFAULT NULL,
                           `genre` enum('homme','dame') DEFAULT NULL,
                           `sport_id` int(11) DEFAULT NULL
) ENGINE=InnoDB DEFAULT CHARSET=utf8mb4 COLLATE=utf8mb4_unicode_ci;

--
-- Déchargement des données de la table `athlete`
--

INSERT INTO `athlete` (`id`, `pays_id`, `origine_id`, `nom`, `prenom`, `birthdate`, `taille`, `ranking_id`, `birth_place_id`, `avatar`, `updated_at`, `genre`, `sport_id`) VALUES
                                                                                                                                                                               (1, 1, 1, 'Opelka', 'Reilly', '1997-08-28 00:00:00', 2.11, 24, 2, 'c2917c3f9c9969cd5d0fa93cce2c2894.png', '2021-09-04 21:07:31', NULL, NULL),
                                                                                                                                                                               (2, 9, 9, 'Moutet', 'Corentin', '1999-04-19 00:00:00', 1.75, 61, 2, 'c1826ad15674a3fc1de6b351fd0efdb3.png', NULL, NULL, NULL),
                                                                                                                                                                               (3, 7, 7, 'Djokovic', 'Novak', '1987-05-22 00:00:00', 1.88, 1, 6, '1ea3fb33288dd3430234b72df3091cf8.jpg', NULL, 'homme', NULL),
                                                                                                                                                                               (4, 8, 8, 'Medvedev', 'Daniil', '1996-02-11 00:00:00', 1.98, 2, 3, '32a8a39ba927123ebacf68d569ec8057.png', NULL, NULL, NULL),
                                                                                                                                                                               (5, 12, 12, 'Tsitsipás', 'Stéfanos', '1998-08-12 00:00:00', 1.93, 3, NULL, '', NULL, NULL, NULL),
                                                                                                                                                                               (7, 3, 3, 'Nadal', 'Rafael', '1986-06-03 00:00:00', 1.85, 4, NULL, '', NULL, NULL, NULL),
                                                                                                                                                                               (8, 11, 8, 'Zverev', 'Alexander', '1997-04-20 00:00:00', 1.98, 5, NULL, NULL, NULL, 'dame', NULL),
                                                                                                                                                                               (9, 13, 13, 'Thiem', 'Dominic', '1993-09-03 00:00:00', 1.85, 6, NULL, '', NULL, NULL, NULL),
                                                                                                                                                                               (10, 1, 8, 'Rublev', 'Andrey', '1997-10-20 00:00:00', 1.88, 7, NULL, '', NULL, NULL, NULL),
                                                                                                                                                                               (11, 20, 20, 'Matteo', 'Berrettini', '1996-04-12 00:00:00', 1.96, 8, 1, 'dce9d4b8e0d55b469be6b9c244c2c170.png', NULL, NULL, NULL),
                                                                                                                                                                               (12, 10, 10, 'Federer', 'Roger', '1981-08-08 00:00:00', 1.85, 9, NULL, '', NULL, NULL, NULL),
                                                                                                                                                                               (13, 4, 4, 'Shapovalov', 'Denis', '1999-04-15 00:00:00', 1.85, 10, NULL, '', NULL, NULL, NULL),
                                                                                                                                                                               (14, 14, 14, 'Ruud', 'Casper', '1998-12-22 00:00:00', 1.83, 11, NULL, '', NULL, NULL, NULL),
                                                                                                                                                                               (15, 3, 3, 'Carreño Busta', 'Pablo', '1991-07-12 00:00:00', 1.88, 12, NULL, '', NULL, NULL, NULL),
                                                                                                                                                                               (16, 18, 18, 'Hurkacz', 'Hubert', '1997-02-11 00:00:00', 1.96, 13, NULL, '', NULL, NULL, NULL),
                                                                                                                                                                               (17, 2, 11, 'Schwartzman', 'Diego', '1992-08-01 00:00:00', 1.7, 14, NULL, '', NULL, NULL, NULL),
                                                                                                                                                                               (18, 4, 19, 'Auger-Aliassime', 'Félix', '2000-08-08 00:00:00', 1.93, 15, NULL, '', NULL, NULL, NULL),
                                                                                                                                                                               (19, 11, 11, 'Sinner', 'Jannik', '2001-08-16 00:00:00', 1.88, 16, NULL, '', NULL, NULL, NULL),
                                                                                                                                                                               (20, 1, 1, 'De Minaur', 'Alex', '1999-02-17 00:00:00', 1.83, 17, NULL, '', NULL, NULL, NULL),
                                                                                                                                                                               (21, 21, 21, 'Dimitrov', 'Grigor', '1991-05-16 00:00:00', 1.9, 18, NULL, '', NULL, NULL, NULL),
                                                                                                                                                                               (22, 22, 22, 'Garín', 'Cristian', '1996-05-30 00:00:00', 1.85, 19, NULL, '', NULL, NULL, NULL),
                                                                                                                                                                               (23, 9, 9, 'Monfils', 'Gaël', '1986-09-01 00:00:00', 1.93, 20, NULL, '', NULL, NULL, NULL),
                                                                                                                                                                               (25, 3, 3, 'Bautista-Agut', 'Roberto', '1988-04-14 00:00:00', 1.83, 21, NULL, '', NULL, NULL, NULL),
                                                                                                                                                                               (26, 1, 1, 'Isner', 'John', '1985-04-26 00:00:00', 2.08, 22, NULL, '', NULL, NULL, NULL),
                                                                                                                                                                               (27, 20, 20, 'Sonego', 'Lorenzo', '1995-05-11 00:00:00', 1.91, 23, NULL, '', NULL, NULL, NULL),
                                                                                                                                                                               (28, 8, 8, 'Karatsev', 'Aslan', '1993-09-04 00:00:00', 1.93, 25, 1, '2860215a1e729bef2a2790cfa51c883f.png', '2021-09-04 21:12:19', NULL, NULL),
                                                                                                                                                                               (29, 1, 1, 'Opelka', 'Reilly', '1997-08-26 00:00:00', 1.88, NULL, NULL, '', NULL, NULL, NULL),
                                                                                                                                                                               (30, 9, 9, 'Humbert', 'Ugo', '1998-06-26 00:00:00', 1.93, 26, NULL, '', NULL, NULL, NULL),
                                                                                                                                                                               (31, 27, 27, 'Evans', 'Daniel', '1990-05-23 00:00:00', 1.93, 27, NULL, '', NULL, NULL, NULL),
                                                                                                                                                                               (32, 8, 8, 'Khachanov', 'Karen', '1996-05-21 00:00:00', 1.98, 28, NULL, '', NULL, NULL, NULL),
                                                                                                                                                                               (33, 27, 27, 'Norrie', 'Cameron', '1995-08-23 00:00:00', 1.93, 29, NULL, '', NULL, NULL, NULL),
                                                                                                                                                                               (34, 23, 23, 'Goffin', 'David', '1990-12-07 00:00:00', 1.8, 30, NULL, '', NULL, NULL, NULL),
                                                                                                                                                                               (35, 30, 30, 'kucova', 'kristina', '1990-05-23 00:00:00', 1.63, 31, NULL, '', NULL, NULL, NULL),
                                                                                                                                                                               (36, 22, 22, 'seguel', 'daniela', '1992-11-15 00:00:00', 1.71, 32, NULL, '', NULL, NULL, NULL),
                                                                                                                                                                               (37, 31, 31, 'schoofs', 'bibiane', '1988-05-13 00:00:00', 1.7, 33, NULL, '', NULL, NULL, NULL),
                                                                                                                                                                               (38, 27, 17, 'raducanu', 'emma', '2002-11-13 00:00:00', 1.75, 34, NULL, '', NULL, NULL, NULL),
                                                                                                                                                                               (39, 23, 23, 'benoit', 'marie', '1995-12-12 00:00:00', 1.88, 35, NULL, '', NULL, NULL, NULL),
                                                                                                                                                                               (40, 8, 33, 'diatchenko', 'vitalia', '1990-08-02 00:00:00', 1.8, 36, NULL, '', NULL, NULL, NULL),
                                                                                                                                                                               (41, 9, 9, 'couacaud', 'enzo', '1990-03-01 00:00:00', 1.8, 37, NULL, '', NULL, NULL, NULL),
                                                                                                                                                                               (42, 2, 2, 'Etcheverry', 'Tomas Martin', '1990-07-18 00:00:00', 1.96, 38, NULL, '', NULL, NULL, NULL),
                                                                                                                                                                               (43, 6, 6, 'uchiyama', 'yasutaka', '1992-05-08 00:00:00', 1.83, 39, NULL, '', NULL, NULL, NULL),
                                                                                                                                                                               (44, 18, 18, 'zuk', 'kacper', '1990-01-21 00:00:00', 1.83, 40, NULL, '', NULL, NULL, NULL),
                                                                                                                                                                               (45, 34, 34, 'Gulbis', 'Ernests', '1988-08-30 00:00:00', 1.91, 41, NULL, '', NULL, NULL, NULL),
                                                                                                                                                                               (46, 30, 30, 'Horansky', 'Filip', '1993-01-07 00:00:00', 1.91, 42, NULL, '', NULL, NULL, NULL),
                                                                                                                                                                               (47, 9, 9, 'dodin', 'Océane', '1996-10-24 00:00:00', 1.83, 43, NULL, '', NULL, NULL, NULL),
                                                                                                                                                                               (48, 3, 3, 'bucsa', 'cristina', '1998-01-01 00:00:00', 1.85, 45, NULL, '', NULL, NULL, NULL),
                                                                                                                                                                               (49, 9, 9, 'Paire', 'Benoit', '1989-05-08 00:00:00', 1.96, 46, NULL, '', NULL, NULL, NULL),
                                                                                                                                                                               (50, 7, 7, 'Lajovic', 'Dusan', '1990-06-30 00:00:00', 1.93, 47, NULL, '', NULL, NULL, NULL),
                                                                                                                                                                               (51, 1, 6, 'Nakashima', 'Brandon', '2001-08-03 00:00:00', 1.85, 48, NULL, '', NULL, NULL, NULL),
                                                                                                                                                                               (52, 16, 16, 'Pliskova', 'Karolina', '1992-03-21 00:00:00', 1.86, 49, 2, '367d98379554877cb428ef824a6b0da9.jpg', NULL, NULL, NULL),
                                                                                                                                                                               (53, 1, 1, 'McNally', 'Catherine', '2001-11-20 00:00:00', 1.85, 50, NULL, '', NULL, NULL, NULL),
                                                                                                                                                                               (54, 35, 35, 'Kwon', 'Soonwoo', '1997-12-02 00:00:00', 1.83, 51, NULL, '', NULL, NULL, NULL),
                                                                                                                                                                               (56, 9, 7, 'Mladenovic', 'Kristina', '1993-05-14 00:00:00', 1.83, 54, 3, 'C:\\xampp\\tmp\\php5EDC.tmp', NULL, NULL, NULL),
                                                                                                                                                                               (57, 7, 7, 'Stojanovic', 'Nina', '1996-07-30 00:00:00', 1.83, 55, 2, 'C:\\xampp\\tmp\\phpC0CE.tmp', NULL, NULL, NULL),
                                                                                                                                                                               (58, 10, 14, 'Jabeur', 'ONS', '1994-08-28 00:00:00', 1.83, 56, 2, 'C:\\xampp\\tmp\\phpAFCD.tmp', NULL, NULL, NULL),
                                                                                                                                                                               (59, 1, 1, 'Gauff', 'Corrie', '2004-03-13 00:00:00', 1.88, 57, 3, 'C:\\xampp\\tmp\\php88AB.tmp', NULL, NULL, NULL),
                                                                                                                                                                               (60, 8, 8, 'Pavlyuchenkova', 'Anastasia', '1991-07-03 00:00:00', 1.88, 58, 1, 'C:\\xampp\\tmp\\php7255.tmp', NULL, NULL, NULL),
                                                                                                                                                                               (61, 9, 9, 'Gaston', 'Hugo', '1992-12-12 00:00:00', 1.85, 59, 2, NULL, NULL, 'homme', NULL),
                                                                                                                                                                               (62, 3, 3, 'ALCARAZ', 'CARLOS', '2003-05-05 00:00:00', 1.83, 60, 2, 'C:\\xampp\\tmp\\php866.tmp', NULL, NULL, NULL),
                                                                                                                                                                               (63, 8, 8, 'Ivashka', 'Ilya', '1994-02-24 00:00:00', 1.83, 62, 1, 'bae68722f57ab31805f9cde2ef66dd52.png', NULL, NULL, NULL),
                                                                                                                                                                               (64, 20, 20, 'SEPPI', 'andreas', '1984-02-21 00:00:00', 1.95, 63, 3, 'a3ef940635fe1937248d743e2fdee135.png', NULL, NULL, NULL),
                                                                                                                                                                               (65, 11, 11, 'otte', 'oscar', '1993-07-16 00:00:00', 1.93, 64, 2, '37f2f6ed609f3dc89d6cb4268b971c2e.png', NULL, NULL, NULL),
                                                                                                                                                                               (66, 10, 30, 'bencic', 'BELINDA', '1997-03-10 00:00:00', 1.83, 65, 2, '3e6992e1372325287f5c940a15a2f869.jpg', NULL, NULL, NULL),
                                                                                                                                                                               (67, 1, 1, 'pegula', 'jessica', '1994-02-24 00:00:00', 1.7, 66, 2, 'd5190e08f8e2ee9d428918d979d1ca3e.webp', NULL, NULL, NULL),
                                                                                                                                                                               (68, 26, 26, 'Basilashvili', 'Nikoloz', '1992-02-23 00:00:00', 1.85, 67, 1, 'aa67da50b4f36b0309058550aad614e8.png', NULL, NULL, NULL),
                                                                                                                                                                               (69, 12, 12, 'Sakkari', 'Maria', '1995-07-25 00:00:00', 1.72, 68, 4, 'c49c148ae80e53bf929b2756f3e1c61c.jpg', NULL, NULL, NULL),
                                                                                                                                                                               (70, 4, 4, 'Fernandez', 'Leylah', '2002-09-06 00:00:00', 1.68, 69, 2, 'a98c3d7dd9f173628d4256bf5dbc8089.jpg', NULL, NULL, NULL),
                                                                                                                                                                               (71, 36, 36, 'sabalenka', 'aryna', '1998-05-05 00:00:00', 1.82, 70, 2, '73896e0bfecb7068aca6e918bf7303fc.png', NULL, NULL, NULL),
                                                                                                                                                                               (72, 18, 18, 'Majchrzak', 'kamil', '1996-01-13 00:00:00', 1.8, 71, 4, '1c0444b4396c32696c1904bea1580a1c.png', NULL, NULL, NULL),
                                                                                                                                                                               (73, 31, 12, 'Peterson', 'rebecca', '1995-08-06 00:00:00', 1.73, 72, 7, '9979288e6e27a9919d6b7a6005dfcd10.jpg', NULL, NULL, NULL),
                                                                                                                                                                               (74, 20, 20, 'Bronzetti', 'Lucia', '1992-12-12 00:00:00', 1.83, 73, 6, 'bd7ca866f13a348e63178adee992b400.jpg', NULL, NULL, NULL),
                                                                                                                                                                               (75, 38, 38, 'Lovric', 'Pia', '2001-10-10 00:00:00', 1.72, 74, 6, '366a11cf97b3db2485c530da146850de.jpg', NULL, NULL, NULL),
                                                                                                                                                                               (76, 1, 1, 'Riske', 'Alison', '1990-07-03 00:00:00', 1.83, 75, 3, 'e57003fdc48d011ba2405f078d935937.jpg', NULL, NULL, NULL),
                                                                                                                                                                               (77, 33, 33, 'Zavatska', 'katarina', '2000-02-05 00:00:00', 1.85, 76, 4, 'ff2ec691d67fc016a47c954336953ec1.jpg', NULL, NULL, NULL),
                                                                                                                                                                               (78, 27, 27, 'Boulter', 'katie', '1996-08-01 00:00:00', 1.82, 77, 2, 'ca00adbea0663c476d269b474b484ce5.jpg', NULL, NULL, NULL),
                                                                                                                                                                               (79, 1, NULL, 'Jaziri', 'malek', '1984-01-20 00:00:00', 1.83, 78, NULL, NULL, NULL, NULL, NULL),
                                                                                                                                                                               (80, 1, NULL, 'cid-subervi', 'roberto', '1993-08-30 00:00:00', 1.85, 79, NULL, NULL, NULL, NULL, NULL),
                                                                                                                                                                               (81, 3, NULL, 'cuevas', 'martin', '1995-03-02 00:00:00', 1.72, 80, NULL, NULL, NULL, NULL, NULL),
                                                                                                                                                                               (82, 31, 31, 'Griekspoor', 'tallon', '1996-07-02 00:00:00', 1.88, 81, NULL, NULL, NULL, NULL, NULL),
                                                                                                                                                                               (83, 39, 39, 'dellien', 'hugo', '1996-06-16 00:00:00', 1.8, 82, NULL, NULL, NULL, NULL, NULL),
                                                                                                                                                                               (84, 23, 23, 'bemelmans', 'ruben', '1988-01-14 00:00:00', 1.83, 83, NULL, NULL, NULL, NULL, NULL),
                                                                                                                                                                               (85, 39, NULL, 'perez', 'brandon', '1990-01-01 00:00:00', 1.91, 84, NULL, NULL, NULL, NULL, NULL),
                                                                                                                                                                               (86, 39, NULL, 'Dellien', 'Murkel Velasco', '1997-09-16 00:00:00', 1.95, 85, NULL, NULL, NULL, NULL, NULL),
                                                                                                                                                                               (87, 23, NULL, 'bergs', 'zizou', '1999-06-03 00:00:00', 1.88, 86, NULL, NULL, NULL, NULL, NULL),
                                                                                                                                                                               (88, 7, NULL, 'dzumhur', 'damir', '1992-05-20 00:00:00', 1.75, 87, NULL, NULL, NULL, NULL, NULL),
                                                                                                                                                                               (89, 38, NULL, 'gombos', 'norbert', '1990-08-13 00:00:00', 1.85, 88, NULL, NULL, NULL, NULL, NULL),
                                                                                                                                                                               (90, 40, NULL, 'varillas', 'juan-pablo', '1995-10-06 00:00:00', 1.85, 89, NULL, NULL, NULL, NULL, NULL),
                                                                                                                                                                               (91, 20, 19, 'paolini', 'jasmine', '1996-01-04 00:00:00', 1.65, 90, NULL, NULL, NULL, NULL, NULL),
                                                                                                                                                                               (92, 4, NULL, 'pospisil', 'vasek', '1990-06-23 00:00:00', 1.93, 91, NULL, NULL, NULL, NULL, NULL),
                                                                                                                                                                               (93, 9, 9, 'barrere', 'gregoire', '1994-02-16 00:00:00', 1.83, 93, NULL, NULL, NULL, NULL, NULL),
                                                                                                                                                                               (94, 41, 41, 'Kontaveit', 'anett', '1995-12-24 00:00:00', 1.74, 94, NULL, '717a00516cafce78e118943cd7e0741b.jpg', NULL, NULL, NULL),
                                                                                                                                                                               (95, 17, 17, 'cirstea', 'sorana', '1990-04-07 00:00:00', 1.76, 95, NULL, NULL, NULL, NULL, NULL),
                                                                                                                                                                               (96, 18, NULL, 'linette', 'magda', '1992-02-12 00:00:00', 1.71, 96, NULL, NULL, NULL, NULL, NULL),
                                                                                                                                                                               (97, 14, NULL, 'Ruusuvuori', 'Emil', '1999-04-02 00:00:00', 1.88, 97, NULL, NULL, NULL, NULL, NULL),
                                                                                                                                                                               (98, 9, NULL, 'Bonzi', 'Benjamin', '1996-06-09 00:00:00', 1.83, 98, NULL, NULL, NULL, NULL, NULL),
                                                                                                                                                                               (99, 28, 28, 'kukushkin', 'mikhail', '1987-12-26 00:00:00', 1.83, 99, NULL, NULL, NULL, NULL, NULL),
                                                                                                                                                                               (100, 24, 24, 'Duckworth', 'james', '1992-01-21 00:00:00', 1.83, 100, NULL, NULL, NULL, NULL, NULL),
                                                                                                                                                                               (101, 3, NULL, 'taberner', 'carlos', '1997-08-08 00:00:00', 1.83, 101, NULL, NULL, NULL, NULL, NULL),
                                                                                                                                                                               (102, 42, 42, 'berankis', 'ricardas', '1990-06-21 00:00:00', 1.75, 102, NULL, NULL, NULL, NULL, NULL),
                                                                                                                                                                               (103, 1, 19, 'TIAFOE', 'Frances', '1998-01-20 00:00:00', 1.88, 92, 2, '22314581b2b23394e85006fa6e4b0245.jpg', NULL, NULL, NULL),
                                                                                                                                                                               (104, 16, NULL, 'TMartincova', 'Tereza', '1994-10-24 00:00:00', 1.77, 103, NULL, NULL, NULL, NULL, NULL),
                                                                                                                                                                               (105, 16, NULL, 'siniakova', 'katerina', '1996-05-10 00:00:00', 1.74, 104, NULL, NULL, NULL, NULL, NULL),
                                                                                                                                                                               (106, 11, NULL, 'Kerber', 'Angelique', '1988-01-18 00:00:00', 1.73, 105, NULL, NULL, NULL, NULL, NULL),
                                                                                                                                                                               (107, 10, NULL, 'Teichmann', 'jil', '1997-07-15 00:00:00', 1.7, 106, NULL, NULL, NULL, NULL, NULL),
                                                                                                                                                                               (108, 8, NULL, 'Kudermetova', 'veronika', '1997-04-24 00:00:00', 1.75, 107, NULL, NULL, NULL, NULL, NULL),
                                                                                                                                                                               (109, 28, NULL, 'rybakina', 'elena', '1999-06-17 00:00:00', 1.84, 108, NULL, NULL, NULL, NULL, NULL),
                                                                                                                                                                               (110, 3, NULL, 'Muguruza', 'Garbine', '1993-10-08 00:00:00', 1.82, 109, NULL, NULL, NULL, NULL, NULL),
                                                                                                                                                                               (111, 1, NULL, 'Kenin', 'sophia', '1998-11-14 00:00:00', 1.7, 110, NULL, NULL, NULL, NULL, NULL),
                                                                                                                                                                               (112, 23, NULL, 'Mertens', 'Elise', '1995-11-17 00:00:00', 1.85, 111, NULL, NULL, NULL, NULL, NULL),
                                                                                                                                                                               (113, 3, NULL, 'davidovich-fokina', 'alejandro', '1999-06-05 00:00:00', 1.83, 112, NULL, NULL, NULL, NULL, NULL),
                                                                                                                                                                               (114, 9, 9, 'cornet', 'alizé', '1990-01-22 00:00:00', 1.73, 113, NULL, NULL, NULL, NULL, NULL),
                                                                                                                                                                               (115, 33, 33, 'yastremska', 'dayana', '2000-05-15 00:00:00', 1.75, 114, NULL, NULL, NULL, NULL, NULL),
                                                                                                                                                                               (116, 1, 35, 'Li', 'Ann', '2000-10-10 00:00:00', 1.72, 115, NULL, NULL, NULL, NULL, NULL),
                                                                                                                                                                               (117, 25, NULL, 'Vekic', 'Donna', '1996-06-28 00:00:00', 1.72, 116, NULL, NULL, NULL, NULL, NULL),
                                                                                                                                                                               (118, 8, NULL, 'Kalinskaya', 'Anna', '1998-12-02 00:00:00', 1.85, 118, NULL, NULL, NULL, NULL, NULL),
                                                                                                                                                                               (119, 8, NULL, 'VGracheva', 'varvara', '2000-08-02 00:00:00', 1.72, 119, NULL, NULL, NULL, NULL, NULL),
                                                                                                                                                                               (120, 23, NULL, 'Van Uytvanck', 'alison', '1999-12-23 00:00:00', 1.83, 120, NULL, NULL, NULL, NULL, NULL),
                                                                                                                                                                               (121, 8, NULL, 'potapova', 'anastasia', '1999-12-12 00:00:00', 1.72, 121, NULL, NULL, NULL, NULL, NULL),
                                                                                                                                                                               (122, 9, NULL, 'Lens', 'ligue1', '1900-01-01 00:00:00', 1.85, 122, NULL, NULL, NULL, NULL, NULL),
                                                                                                                                                                               (123, 9, NULL, 'Reims', 'ligue1', '1900-01-01 00:00:00', 1.82, 123, NULL, NULL, NULL, NULL, NULL),
                                                                                                                                                                               (124, 9, NULL, 'Nice', 'ligue1', '1900-01-01 00:00:00', 1.85, 124, NULL, NULL, NULL, NULL, NULL),
                                                                                                                                                                               (125, 9, NULL, 'Brest', 'ligue1', '1930-01-01 00:00:00', 1.72, 125, NULL, NULL, NULL, NULL, NULL),
                                                                                                                                                                               (126, 9, NULL, 'Lorient', 'Ligue1', '1900-01-01 00:00:00', 1.75, 126, NULL, NULL, NULL, NULL, NULL),
                                                                                                                                                                               (127, 9, NULL, 'Clermont', 'Ligue1', '1900-01-01 00:00:00', 1.75, 127, NULL, NULL, NULL, NULL, NULL),
                                                                                                                                                                               (128, 27, NULL, 'Tottenham', 'Premier League', '1900-01-01 00:00:00', 1.75, 128, NULL, NULL, NULL, NULL, NULL),
                                                                                                                                                                               (129, 45, NULL, 'Soudan', 'CDM', '1900-01-01 00:00:00', 1.75, 129, NULL, NULL, NULL, NULL, NULL),
                                                                                                                                                                               (130, 46, NULL, 'Guinée', 'CDM', '1900-01-01 00:00:00', 1.75, 130, NULL, NULL, NULL, NULL, NULL),
                                                                                                                                                                               (131, 1, NULL, 'volynets', 'katie', '2001-12-31 00:00:00', 1.82, 131, NULL, NULL, NULL, NULL, NULL),
                                                                                                                                                                               (132, 25, NULL, 'martic', 'petra', '1991-01-19 00:00:00', 1.85, 132, NULL, NULL, NULL, NULL, NULL),
                                                                                                                                                                               (133, 17, NULL, 'ruse', 'elena-gabriela', '1997-11-06 00:00:00', 1.85, 133, NULL, NULL, NULL, NULL, NULL),
                                                                                                                                                                               (134, 41, NULL, 'kanepi', 'kaia', '1985-06-10 00:00:00', 1.81, 134, NULL, NULL, NULL, NULL, NULL),
                                                                                                                                                                               (135, 1, NULL, 'keys', 'madison', '1995-02-17 00:00:00', 1.72, 135, NULL, NULL, NULL, NULL, NULL),
                                                                                                                                                                               (136, 41, NULL, 'Estonie', 'CDM', '1900-01-01 00:00:00', 1.75, 136, NULL, NULL, NULL, NULL, NULL),
                                                                                                                                                                               (137, 30, NULL, 'Slovaquie', 'CDM', '1900-01-01 00:00:00', 1.75, 137, NULL, NULL, NULL, NULL, NULL),
                                                                                                                                                                               (138, 49, NULL, 'Angola', 'CDM', '1900-01-01 00:00:00', 1.75, 138, NULL, NULL, NULL, NULL, NULL),
                                                                                                                                                                               (139, 50, NULL, 'Ghana', 'CDM', '1900-01-01 00:00:00', 1.75, 139, NULL, NULL, NULL, NULL, NULL),
                                                                                                                                                                               (140, 51, NULL, 'Gabon', 'CDM', '1900-01-01 00:00:00', 1.75, 140, NULL, NULL, NULL, NULL, NULL),
                                                                                                                                                                               (141, 4, 17, 'andreescu', 'bianca', '2000-06-16 00:00:00', 1.83, 141, NULL, NULL, NULL, NULL, NULL),
                                                                                                                                                                               (142, 52, NULL, 'Niger', 'CDM', '1900-01-01 00:00:00', 1.75, 142, NULL, NULL, NULL, NULL, NULL),
                                                                                                                                                                               (143, 53, NULL, 'Algerie', 'CDM', '1900-01-01 00:00:00', 1.75, 143, NULL, NULL, NULL, NULL, NULL),
                                                                                                                                                                               (144, 5, NULL, 'Afrique du Sud', 'CDM', '1900-01-01 00:00:00', 1.75, 144, NULL, NULL, NULL, NULL, NULL),
                                                                                                                                                                               (145, 54, NULL, 'Ethiopie', 'CDM', '1900-01-01 00:00:00', 1.75, 145, NULL, NULL, NULL, NULL, NULL),
                                                                                                                                                                               (146, 47, NULL, 'Maroc', 'CDM', '1900-01-01 00:00:00', 1.75, 146, NULL, NULL, NULL, NULL, NULL),
                                                                                                                                                                               (147, 1, NULL, 'Fritz', 'Taylor', '1997-10-20 00:00:00', 1.85, 147, NULL, NULL, NULL, NULL, NULL),
                                                                                                                                                                               (148, 3, NULL, 'Ramos-vinolas', 'Albert', '1988-01-17 00:00:00', 1.88, 149, NULL, NULL, NULL, NULL, NULL),
                                                                                                                                                                               (149, 27, NULL, 'Murray', 'Andy', '1986-01-01 00:00:00', 1.83, 150, NULL, NULL, NULL, NULL, NULL),
                                                                                                                                                                               (150, 9, NULL, 'halys', 'quentin', '1995-01-01 00:00:00', 1.85, 151, NULL, NULL, NULL, NULL, NULL),
                                                                                                                                                                               (151, 16, NULL, 'krejcikova', 'barbora', '1995-12-19 00:00:00', 1.85, 152, NULL, NULL, NULL, NULL, NULL),
                                                                                                                                                                               (152, 3, NULL, 'Badosa', 'Paula', '1996-01-01 00:00:00', 1.73, 153, NULL, NULL, NULL, NULL, NULL),
                                                                                                                                                                               (153, 24, 25, 'tomljanovic', 'ajla', '1993-05-07 00:00:00', 1.8, 154, NULL, NULL, NULL, NULL, NULL),
                                                                                                                                                                               (154, 5, NULL, 'Anderson', 'Kevin', '1986-05-18 00:00:00', 2.03, 148, NULL, NULL, NULL, NULL, NULL),
                                                                                                                                                                               (155, 34, NULL, 'OstapenkoJ', 'Jelena', '1997-06-08 00:00:00', 1.72, 155, NULL, '74e967c50cd93866d2642af3192901ad.jpg', NULL, 'dame', NULL),
                                                                                                                                                                               (156, 36, NULL, 'Azarenka', 'Victoria', '1989-07-31 00:00:00', 1.83, 156, NULL, NULL, NULL, NULL, NULL),
                                                                                                                                                                               (157, 27, NULL, 'Watford', 'Premier League', '1900-01-01 00:00:00', 1.75, 157, NULL, NULL, NULL, NULL, NULL),
                                                                                                                                                                               (158, 27, NULL, 'Liverpool', 'Premier League', '1900-01-01 00:00:00', 1.75, 158, NULL, NULL, NULL, NULL, NULL),
                                                                                                                                                                               (159, 27, NULL, 'Burnley', 'Premier League', '1900-01-01 00:00:00', 1.75, 159, NULL, NULL, NULL, NULL, NULL),
                                                                                                                                                                               (160, 27, NULL, 'Leicester', 'Premier League', '1900-01-01 00:00:00', 1.75, 160, NULL, NULL, NULL, NULL, NULL),
                                                                                                                                                                               (161, 27, NULL, 'Norwich', 'Premier League', '1900-01-01 00:00:00', 1.75, 161, NULL, NULL, NULL, NULL, NULL),
                                                                                                                                                                               (162, 27, NULL, 'Brighton', 'Premier League', '1900-01-01 00:00:00', 1.75, 162, NULL, NULL, NULL, NULL, NULL),
                                                                                                                                                                               (163, 27, NULL, 'Aston Villa', 'Premier League', '1900-01-01 00:00:00', 1.75, 163, NULL, NULL, NULL, NULL, NULL),
                                                                                                                                                                               (164, 27, NULL, 'Wolverhampton', 'Premier League', '1900-01-01 00:00:00', 1.75, 164, NULL, NULL, NULL, NULL, NULL),
                                                                                                                                                                               (165, 27, NULL, 'Leeds', 'Premier League', '1900-01-01 00:00:00', 1.75, 165, NULL, NULL, NULL, NULL, NULL),
                                                                                                                                                                               (166, 27, NULL, 'Everton', 'Premier League', '1900-01-01 00:00:00', 1.75, 166, NULL, NULL, NULL, NULL, NULL),
                                                                                                                                                                               (167, 27, NULL, 'Arsenal', 'Premier League', '1900-01-01 00:00:00', 1.75, 167, NULL, NULL, NULL, NULL, NULL),
                                                                                                                                                                               (168, 27, NULL, 'NewCastle', 'Premier League', '1900-01-01 00:00:00', 1.75, 168, NULL, NULL, NULL, NULL, NULL),
                                                                                                                                                                               (169, 27, NULL, 'Manchester City', 'Premier League', '1900-01-01 00:00:00', 1.75, 169, NULL, NULL, NULL, NULL, NULL),
                                                                                                                                                                               (170, 27, NULL, 'Southampton', 'Premier League', '1900-01-01 00:00:00', 1.75, 170, NULL, NULL, NULL, NULL, NULL),
                                                                                                                                                                               (171, 27, NULL, 'Crystal Palace', 'Premier League', '1900-01-01 00:00:00', 1.75, 171, NULL, NULL, NULL, NULL, NULL),
                                                                                                                                                                               (172, 27, NULL, 'Brentford', 'Premier League', '1900-01-01 00:00:00', 1.75, 172, NULL, NULL, NULL, NULL, NULL),
                                                                                                                                                                               (173, 11, NULL, 'Dortmund', 'BundesLiga', '1900-01-01 00:00:00', 1.75, 173, NULL, NULL, NULL, NULL, NULL),
                                                                                                                                                                               (174, 11, NULL, 'Eintracht Francfort', 'BundesLiga', '1900-01-01 00:00:00', 1.75, 174, NULL, NULL, NULL, NULL, NULL),
                                                                                                                                                                               (175, 11, NULL, 'RB Leipzig', 'BundesLiga', '1900-01-01 00:00:00', 1.75, 175, NULL, NULL, NULL, NULL, NULL),
                                                                                                                                                                               (176, 11, NULL, 'Greuther Furth', 'BundesLiga', '1900-01-01 00:00:00', 1.75, 176, NULL, NULL, NULL, NULL, NULL),
                                                                                                                                                                               (177, 11, NULL, 'Bochum', 'BundesLiga', '1900-01-01 00:00:00', 1.75, 177, NULL, NULL, NULL, NULL, NULL),
                                                                                                                                                                               (178, 11, NULL, 'Borussia M\'Gladbach', 'BundesLiga', '1900-01-01 00:00:00', 1.75, 178, NULL, NULL, NULL, NULL, NULL),
(179, 11, NULL, 'Stuttgart', 'BundesLiga', '1900-01-01 00:00:00', 1.75, 179, NULL, NULL, NULL, NULL, NULL),
(180, 11, NULL, 'Union Berlin', 'BundesLiga', '1900-01-01 00:00:00', 1.75, 180, NULL, NULL, NULL, NULL, NULL),
(181, 11, NULL, 'Mayence', 'BundesLiga', '1900-01-01 00:00:00', 1.75, 181, NULL, NULL, NULL, NULL, NULL),
(182, 11, NULL, 'Cologne', 'BundesLiga', '1900-01-01 00:00:00', 1.75, 182, NULL, NULL, NULL, NULL, NULL),
(183, 11, NULL, 'Hofenheim', 'BundesLiga', '1900-01-01 00:00:00', 1.75, 183, NULL, NULL, NULL, NULL, NULL),
(184, 11, NULL, 'Arminia Bielefeld', 'BundesLiga', '1900-01-01 00:00:00', 1.75, 184, NULL, NULL, NULL, NULL, NULL),
(185, 20, NULL, 'Naples', 'Série A', '1900-01-01 00:00:00', 1.75, 185, NULL, NULL, NULL, NULL, NULL),
(186, 20, NULL, 'Inter', 'Série A', '1900-01-01 00:00:00', 1.75, 186, NULL, NULL, NULL, NULL, NULL),
(187, 20, NULL, 'AS Roma', 'Série A', '1900-01-01 00:00:00', 1.75, 187, NULL, NULL, NULL, NULL, NULL),
(188, 20, NULL, 'Fiorentina', 'Série A', '1900-01-01 00:00:00', 1.75, 188, NULL, NULL, NULL, NULL, NULL),
(189, 20, NULL, 'Torino', 'Série A', '1900-01-01 00:00:00', 1.75, 189, NULL, NULL, NULL, NULL, NULL),
(190, 20, NULL, 'Udinese', 'Série A', '1900-01-01 00:00:00', 1.75, 190, NULL, NULL, NULL, NULL, NULL),
(191, 20, NULL, 'Bologne', 'Série A', '1900-01-01 00:00:00', 1.75, 191, NULL, NULL, NULL, NULL, NULL),
(192, 20, NULL, 'Genoa', 'Série A', '1900-01-01 00:00:00', 1.75, 192, NULL, NULL, NULL, NULL, NULL),
(193, 20, NULL, 'Sassuolo', 'Série A', '1900-01-01 00:00:00', 1.75, 193, NULL, NULL, NULL, NULL, NULL),
(194, 20, NULL, 'Atalanta Bergame', 'Série A', '1900-01-01 00:00:00', 1.75, 194, NULL, NULL, NULL, NULL, NULL),
(195, 20, NULL, 'Empoli', 'Série A', '1900-01-01 00:00:00', 1.75, 195, NULL, NULL, NULL, NULL, NULL),
(196, 20, NULL, 'Sampdoria', 'Série A', '1900-01-01 00:00:00', 1.75, 196, NULL, NULL, NULL, NULL, NULL),
(197, 20, NULL, 'Lazio', 'Série A', '1900-01-01 00:00:00', 1.75, 197, NULL, NULL, NULL, NULL, NULL),
(198, 20, NULL, 'Salernitana', 'Série A', '1900-01-01 00:00:00', 1.75, 198, NULL, NULL, NULL, NULL, NULL),
(199, 20, NULL, 'Spezia Calcio', 'Série A', '1900-01-01 00:00:00', 1.75, 199, NULL, NULL, NULL, NULL, NULL),
(200, 20, NULL, 'Hellas Verone', 'Série A', '1900-01-01 00:00:00', 1.75, 200, NULL, NULL, NULL, NULL, NULL),
(201, 20, NULL, 'Milan AC', 'Série A', '1900-01-01 00:00:00', 1.75, 201, NULL, NULL, NULL, NULL, NULL),
(202, 20, NULL, 'Cagliari', 'seriea', '1906-01-01 00:00:00', 1.72, 202, NULL, NULL, NULL, NULL, NULL),
(203, 27, NULL, 'Westham', 'premierLeague', '1900-01-01 00:00:00', 1.72, 203, NULL, NULL, NULL, NULL, NULL),
(204, 38, NULL, 'Zidansek', 'tamara', '1998-01-01 00:00:00', 1.82, 204, NULL, NULL, NULL, NULL, NULL),
(205, 17, NULL, 'jaqueline-cristian', 'adina', '1998-06-05 00:00:00', 1.85, 205, NULL, NULL, NULL, NULL, NULL),
(206, 38, NULL, 'juvan', 'kaja', '2000-11-25 00:00:00', 1.83, 206, NULL, NULL, NULL, NULL, NULL),
(207, 16, NULL, 'schmiedlova_a', 'anna-karolina', '1994-09-23 00:00:00', 1.85, 207, NULL, NULL, NULL, 'dame', NULL),
(208, 3, NULL, 'bolsova', 'aliona', '1997-11-06 00:00:00', 1.72, 208, NULL, NULL, NULL, 'dame', NULL),
(209, 3, NULL, 'stefanini', 'lucrezia', '1998-05-15 00:00:00', 1.83, 210, NULL, NULL, NULL, 'dame', NULL),
(210, 44, NULL, 'ilkel', 'cem', '1995-08-21 00:00:00', 1.85, 209, NULL, NULL, NULL, 'dame', NULL),
(211, 44, NULL, 'sherif', 'mayar', '1996-05-05 00:00:00', 1.85, 211, NULL, NULL, NULL, 'dame', NULL),
(212, 32, NULL, 'zheng', 'saisai', '1994-02-05 00:00:00', 1.7, 212, NULL, NULL, NULL, 'dame', NULL),
(213, 3, NULL, 'masarova', 'rebeka', '1999-12-12 00:00:00', 1.83, 213, NULL, NULL, NULL, 'dame', NULL),
(214, 10, NULL, 'golubic', 'viktorija', '1992-10-16 00:00:00', 1.83, 214, NULL, NULL, NULL, 'dame', NULL),
(215, 31, NULL, 'rus', 'arantxa', '1990-12-13 00:00:00', 1.83, 215, NULL, NULL, NULL, 'dame', NULL),
(216, 20, NULL, 'musetti', 'lorenzo', '2002-03-03 00:00:00', 1.85, 216, NULL, NULL, NULL, 'homme', NULL),
(217, 20, NULL, 'mager', 'gianluca', '1994-12-01 00:00:00', 1.85, 217, NULL, NULL, NULL, 'homme', NULL),
(218, 23, NULL, 'struff', 'jan-lennard', '1990-04-25 00:00:00', 1.88, 218, NULL, NULL, NULL, 'homme', NULL),
(219, 1, NULL, 'Ramos-vinolas', 'ee', '1998-12-01 00:00:00', 1.83, 220, NULL, NULL, NULL, 'homme', NULL),
(220, 9, 9, 'rinderknech', 'arthur', '1995-07-23 00:00:00', 1.88, 219, NULL, NULL, NULL, 'homme', NULL),
(221, 31, NULL, 'van-de-zandschulp', 'botic', '1995-12-04 00:00:00', 1.91, 221, NULL, NULL, NULL, 'homme', NULL),
(222, 1, NULL, 'brooksby', 'jenson', '2000-10-16 00:00:00', 1.93, 222, NULL, NULL, NULL, 'homme', NULL),
(223, 33, NULL, 'marchenko', 'illya', '1987-09-08 00:00:00', 1.85, 223, NULL, NULL, NULL, 'homme', NULL),
(224, 24, NULL, 'millman', 'john', '1989-06-14 00:00:00', 1.83, 224, NULL, NULL, NULL, 'homme', NULL),
(225, 43, NULL, 'Benfica', 'Liga Portugal', '1900-01-01 00:00:00', 1.75, NULL, NULL, NULL, NULL, NULL, NULL),
(226, 11, NULL, 'Bayern Munich', 'BundesLiga', '1900-01-01 00:00:00', 1.75, NULL, NULL, NULL, NULL, NULL, NULL),
(227, 3, NULL, 'FC Seville', 'Liga', '1900-01-01 00:00:00', 1.75, NULL, NULL, NULL, NULL, NULL, NULL),
(228, 9, NULL, 'Lille', 'Ligue1', '1900-01-01 00:00:00', 1.75, 225, NULL, NULL, NULL, NULL, NULL),
(229, 10, NULL, 'Young Boys', 'Super League Suisse', '1900-01-01 00:00:00', 1.75, 226, NULL, NULL, NULL, NULL, NULL),
(230, 3, NULL, 'Villareal', 'Liga', '1900-01-01 00:00:00', 1.75, NULL, NULL, NULL, NULL, NULL, NULL),
(231, 8, NULL, 'Zenith St-PetersBurg', 'Premiere Ligue Russe', '1900-01-01 00:00:00', 1.75, 227, NULL, NULL, NULL, NULL, NULL),
(232, 4, NULL, 'Malmo', 'Champion\'s League', '1900-01-01 00:00:00', 1.75, 228, NULL, NULL, NULL, NULL, NULL),
                                                                                                                                                                               (233, 20, NULL, 'Juventus', 'Série A', '1900-01-01 00:00:00', 1.75, NULL, NULL, NULL, NULL, NULL, NULL),
                                                                                                                                                                               (234, 27, NULL, 'Chelsea', 'Premier League', '1900-01-01 00:00:00', 1.75, NULL, NULL, NULL, NULL, NULL, NULL),
                                                                                                                                                                               (235, 5, NULL, 'lloyd-harris', 'lloyd', '1997-02-24 00:00:00', 1.93, 229, NULL, NULL, NULL, 'homme', NULL),
                                                                                                                                                                               (236, 25, NULL, 'kovinic', 'danka', '1994-11-18 00:00:00', 1.83, 230, NULL, NULL, NULL, 'dame', NULL),
                                                                                                                                                                               (237, 20, NULL, 'giorgi', 'camila', '1991-12-30 00:00:00', 1.68, 231, NULL, NULL, NULL, 'dame', NULL),
                                                                                                                                                                               (238, 8, NULL, 'fucsovics', 'marton', '1992-02-08 00:00:00', 1.83, 232, NULL, NULL, NULL, 'homme', NULL),
                                                                                                                                                                               (239, 16, NULL, 'Sparta Prague', 'Spor Toto Super Lig', '1900-01-01 00:00:00', 1.75, 233, NULL, NULL, NULL, NULL, NULL),
                                                                                                                                                                               (240, 9, NULL, 'Lyon', 'Ligue1', '1900-01-01 00:00:00', 1.75, 234, NULL, NULL, NULL, NULL, NULL),
                                                                                                                                                                               (241, 12, NULL, 'Olympiakos', 'Champ Grece', '1900-01-01 00:00:00', 1.75, 235, NULL, NULL, NULL, NULL, NULL),
                                                                                                                                                                               (242, 44, NULL, 'galatasaray', 'Spor Toto Super Lig', '1900-01-01 00:00:00', 1.75, NULL, NULL, NULL, NULL, NULL, NULL),
                                                                                                                                                                               (243, 9, NULL, 'Lokomotiv', 'Premiere Ligue Russe', '1900-01-01 00:00:00', 1.75, 236, NULL, NULL, NULL, NULL, NULL),
                                                                                                                                                                               (244, 31, NULL, 'Eindhoven', 'Eredivisie', '1900-01-01 00:00:00', 1.75, 237, NULL, NULL, NULL, NULL, NULL),
                                                                                                                                                                               (245, 9, NULL, 'monaco', 'Ligue1', '1900-01-01 00:00:00', 1.75, 238, NULL, NULL, NULL, NULL, NULL),
                                                                                                                                                                               (246, 23, NULL, 'Genk', 'Jupiler Pro League', '1900-01-01 00:00:00', 1.75, NULL, NULL, NULL, NULL, NULL, NULL),
                                                                                                                                                                               (247, 1, NULL, 'Charlotte', 'Premier League', '1900-01-01 00:00:00', 1.75, 239, NULL, NULL, NULL, NULL, NULL),
                                                                                                                                                                               (248, 1, NULL, 'Cleveland', 'NBA', '1900-01-01 00:00:00', 1.75, 240, NULL, NULL, NULL, NULL, NULL),
                                                                                                                                                                               (249, 1, NULL, 'Lakers', 'NBA', '1900-01-01 00:00:00', 1.75, 241, NULL, NULL, NULL, NULL, NULL),
                                                                                                                                                                               (250, 1, NULL, 'OrlandoMagic', 'NBA', '1900-01-01 00:00:00', 1.75, 242, NULL, NULL, NULL, NULL, NULL),
                                                                                                                                                                               (251, 1, NULL, 'Wizards', 'NBA', '1900-01-01 00:00:00', 1.75, 243, NULL, NULL, NULL, NULL, NULL),
                                                                                                                                                                               (252, 1, NULL, 'Knicks', 'NBA', '1900-01-01 00:00:00', 1.75, 244, NULL, NULL, NULL, NULL, NULL),
                                                                                                                                                                               (253, 1, NULL, 'Pacres', 'NBA', '1900-01-01 00:00:00', 1.75, 245, NULL, NULL, NULL, NULL, NULL),
                                                                                                                                                                               (254, 1, NULL, 'Cavaliers', 'NBA', '1900-01-01 00:00:00', 1.75, 246, NULL, NULL, NULL, NULL, NULL),
                                                                                                                                                                               (255, 1, NULL, 'BostonCeltics', 'NBA', '1900-01-01 00:00:00', 1.75, 247, NULL, NULL, NULL, NULL, NULL),
                                                                                                                                                                               (256, 1, NULL, 'Pacers', 'NBA', '1900-01-01 00:00:00', 1.75, NULL, NULL, NULL, NULL, NULL, NULL),
                                                                                                                                                                               (257, 4, NULL, 'Raptors', 'NBA', '1900-01-01 00:00:00', 1.75, 248, NULL, NULL, NULL, NULL, NULL),
                                                                                                                                                                               (258, 1, NULL, 'Philly76ers', 'NBA', '1900-01-01 00:00:00', 1.75, 249, NULL, NULL, NULL, NULL, NULL),
                                                                                                                                                                               (259, 1, NULL, 'Brooklyn Nets', 'NBA', '1900-01-01 00:00:00', 1.75, 250, NULL, NULL, NULL, NULL, NULL),
                                                                                                                                                                               (260, 1, NULL, 'ChicagoBulls', 'NBA', '1900-01-01 00:00:00', 1.75, 251, NULL, NULL, NULL, NULL, NULL),
                                                                                                                                                                               (261, 1, NULL, 'Pelicans', 'NBA', '1900-01-01 00:00:00', 1.75, 252, NULL, NULL, NULL, NULL, NULL),
                                                                                                                                                                               (262, 1, NULL, 'Rockets', 'NBA', '1900-01-01 00:00:00', 1.75, 253, NULL, NULL, NULL, NULL, NULL),
                                                                                                                                                                               (263, 1, NULL, 'OKC', 'NBA', '1900-01-01 00:00:00', 1.75, 254, NULL, NULL, NULL, NULL, NULL),
                                                                                                                                                                               (264, 1, NULL, 'Nuggets', 'NBA', '1900-01-01 00:00:00', 1.75, 255, NULL, NULL, NULL, NULL, NULL),
                                                                                                                                                                               (265, 1, NULL, 'Spurs', 'NBA', '1900-01-01 00:00:00', 1.75, 256, NULL, NULL, NULL, NULL, NULL),
                                                                                                                                                                               (266, 1, NULL, 'Suns', 'NBA', '1900-01-01 00:00:00', 1.75, 257, NULL, NULL, NULL, NULL, NULL),
                                                                                                                                                                               (267, 1, NULL, 'Sacramento', 'NBA', '1900-01-01 00:00:00', 1.75, 258, NULL, NULL, NULL, NULL, NULL),
                                                                                                                                                                               (268, 1, NULL, 'Utah Jazz', 'NBA', '1900-01-01 00:00:00', 1.75, 259, NULL, NULL, NULL, NULL, NULL),
                                                                                                                                                                               (269, 16, NULL, 'vondrousova', 'marketa', '1999-06-28 00:00:00', 1.72, 260, NULL, '443129792305911a154eff615abfc172.jpg', NULL, 'dame', NULL),
                                                                                                                                                                               (270, 8, NULL, 'alexandrova', 'ekaterina', '1994-11-15 00:00:00', 1.75, 261, NULL, NULL, NULL, 'dame', NULL),
                                                                                                                                                                               (271, 25, NULL, 'cilic', 'marin', '1988-09-28 00:00:00', 1.98, 262, NULL, NULL, NULL, 'homme', NULL),
                                                                                                                                                                               (272, 3, NULL, 'Barcelone', 'Liga', '1900-01-01 00:00:00', 1.75, NULL, NULL, NULL, NULL, NULL, NULL),
                                                                                                                                                                               (273, 9, NULL, 'LOSC', 'Ligue1', '1900-01-01 00:00:00', 1.75, NULL, NULL, NULL, NULL, NULL, NULL),
                                                                                                                                                                               (274, 9, NULL, 'OM', 'Ligue1', '1900-01-01 00:00:00', 1.75, NULL, NULL, NULL, NULL, NULL, NULL),
                                                                                                                                                                               (275, 3, NULL, 'Athletic Bilbao', 'Liga', '1900-01-01 00:00:00', 1.75, NULL, NULL, NULL, NULL, NULL, NULL),
                                                                                                                                                                               (276, 3, NULL, 'Alaves', 'Liga', '1900-01-01 00:00:00', 1.75, NULL, NULL, NULL, NULL, NULL, NULL),
                                                                                                                                                                               (277, 33, NULL, 'Dynamo Kiev', 'champ Ukraine', '1900-01-01 00:00:00', 1.75, NULL, NULL, NULL, NULL, NULL, NULL),
                                                                                                                                                                               (278, 13, NULL, 'RedBull SalzBurg', 'Autriche', '1900-01-01 00:00:00', 1.75, NULL, NULL, NULL, NULL, NULL, NULL),
                                                                                                                                                                               (279, 27, NULL, 'Celtic Glasgow', 'champ Ecosse', '1900-01-01 00:00:00', 1.75, NULL, NULL, NULL, NULL, NULL, NULL),
                                                                                                                                                                               (280, 13, NULL, 'Rapid Vienne', 'Autriche', '1900-01-01 00:00:00', 1.75, NULL, NULL, NULL, NULL, NULL, NULL),
                                                                                                                                                                               (281, 25, NULL, 'Dinamo Zagreb', 'Croatie', '1900-01-01 00:00:00', 1.75, NULL, NULL, NULL, NULL, NULL, NULL),
                                                                                                                                                                               (282, 9, NULL, 'PSG', 'Ligue1', '1900-01-01 00:00:00', 1.75, 263, NULL, NULL, NULL, NULL, NULL),
                                                                                                                                                                               (283, 9, NULL, 'Angers', 'Ligue1', '1900-01-01 00:00:00', 1.75, 264, NULL, NULL, NULL, NULL, NULL),
                                                                                                                                                                               (284, 9, NULL, 'Montpellier', 'Ligue1', '1900-01-01 00:00:00', 1.75, 265, NULL, NULL, NULL, NULL, NULL),
                                                                                                                                                                               (285, 9, NULL, 'Strasbourg', 'Ligue1', '1900-01-01 00:00:00', 1.75, 266, NULL, NULL, NULL, NULL, NULL),
                                                                                                                                                                               (286, 9, NULL, 'Troyes', 'Ligue1', '1900-01-01 00:00:00', 1.75, 267, NULL, NULL, NULL, NULL, NULL),
                                                                                                                                                                               (287, 9, NULL, 'Bordeaux', 'Ligue1', '1900-01-01 00:00:00', 1.75, 268, NULL, NULL, NULL, NULL, NULL),
                                                                                                                                                                               (288, 9, NULL, 'Saint-Etienne', 'Ligue1', '1900-01-01 00:00:00', 1.75, 269, NULL, NULL, NULL, NULL, NULL),
                                                                                                                                                                               (289, 9, NULL, 'Rennes', 'Ligue1', '1900-01-01 00:00:00', 1.75, 270, NULL, NULL, NULL, NULL, NULL),
                                                                                                                                                                               (290, 9, NULL, 'Nantes', 'Ligue1', '1900-01-01 00:00:00', 1.75, 271, NULL, NULL, NULL, NULL, NULL),
                                                                                                                                                                               (291, 3, NULL, 'Real Sociedad', 'Liga', '1900-01-01 00:00:00', 1.75, 272, NULL, NULL, NULL, NULL, NULL),
                                                                                                                                                                               (292, 3, NULL, 'Osasuna', 'Liga', '1900-01-01 00:00:00', 1.75, 273, NULL, NULL, NULL, NULL, NULL),
                                                                                                                                                                               (293, 3, NULL, 'Rayo', 'Liga', '1900-01-01 00:00:00', 1.75, 274, NULL, NULL, NULL, NULL, NULL),
                                                                                                                                                                               (294, 3, NULL, 'Betis Seville', 'Liga', '1900-01-01 00:00:00', 1.75, 275, NULL, NULL, NULL, NULL, NULL),
                                                                                                                                                                               (295, 3, NULL, 'Valence', 'Liga', '1900-01-01 00:00:00', 1.75, 276, NULL, NULL, NULL, NULL, NULL),
                                                                                                                                                                               (296, 3, NULL, 'Espanyol', 'Liga', '1900-01-01 00:00:00', 1.75, 277, NULL, NULL, NULL, NULL, NULL),
                                                                                                                                                                               (297, 3, NULL, 'Cadix', 'Liga', '1900-01-01 00:00:00', 1.75, 278, NULL, NULL, NULL, NULL, NULL),
                                                                                                                                                                               (298, 3, NULL, 'Elche', 'Liga', '1900-01-01 00:00:00', 1.75, 279, NULL, NULL, NULL, NULL, NULL),
                                                                                                                                                                               (299, 1, NULL, 'Pistons', 'NBA', '1900-01-01 00:00:00', 1.75, 280, NULL, NULL, NULL, NULL, NULL),
                                                                                                                                                                               (300, 1, NULL, 'kings', 'NBA', '1900-01-01 00:00:00', 1.75, 281, NULL, NULL, NULL, NULL, NULL),
                                                                                                                                                                               (301, 1, NULL, 'Warriors', 'NBA', '1900-01-01 00:00:00', 1.75, NULL, NULL, NULL, NULL, NULL, NULL),
                                                                                                                                                                               (302, 1, NULL, 'james', 'lebron', '1984-12-30 00:00:00', 2.06, 282, NULL, '8036c1ae68a213345ccb197e12d7932e.jpg', NULL, 'homme', 2),
                                                                                                                                                                               (303, 1, NULL, 'Cavs', 'NBA', '1900-01-01 00:00:00', 1.75, NULL, NULL, NULL, NULL, NULL, NULL),
                                                                                                                                                                               (304, 1, NULL, 'Hornets', 'NBA', '1900-01-01 00:00:00', 1.75, NULL, NULL, NULL, NULL, NULL, NULL),
                                                                                                                                                                               (305, 1, NULL, 'Bucks', 'NBA', '1900-01-01 00:00:00', 1.75, 283, NULL, NULL, NULL, NULL, NULL);

-- --------------------------------------------------------

--
-- Structure de la table `athlete_equipe`
--

CREATE TABLE `athlete_equipe` (
                                  `athlete_id` int(11) NOT NULL,
                                  `equipe_id` int(11) NOT NULL
) ENGINE=InnoDB DEFAULT CHARSET=utf8mb4 COLLATE=utf8mb4_unicode_ci;

--
-- Déchargement des données de la table `athlete_equipe`
--

INSERT INTO `athlete_equipe` (`athlete_id`, `equipe_id`) VALUES
                                                             (302, 104),
                                                             (302, 105);

-- --------------------------------------------------------

--
-- Structure de la table `bankroll`
--

CREATE TABLE `bankroll` (
                            `id` int(11) NOT NULL,
                            `owner_id` int(11) NOT NULL,
                            `balance` double DEFAULT NULL
) ENGINE=InnoDB DEFAULT CHARSET=utf8mb4 COLLATE=utf8mb4_unicode_ci;

--
-- Déchargement des données de la table `bankroll`
--

INSERT INTO `bankroll` (`id`, `owner_id`, `balance`) VALUES
                                                         (2, 2, 149.488),
                                                         (3, 3, 1500);

-- --------------------------------------------------------

--
-- Structure de la table `bet`
--

CREATE TABLE `bet` (
                       `id` int(11) NOT NULL,
                       `TypedePari_id` int(11) DEFAULT NULL,
                       `affiche_id` int(11) DEFAULT NULL,
                       `cote1` double DEFAULT NULL,
                       `cote2` double DEFAULT NULL,
                       `cote3` double DEFAULT NULL,
                       `cote4` double DEFAULT NULL,
                       `cote5` double DEFAULT NULL,
                       `cote6` double DEFAULT NULL,
                       `cote7` double DEFAULT NULL,
                       `cote8` double DEFAULT NULL,
                       `cote9` double DEFAULT NULL,
                       `cote10` double DEFAULT NULL,
                       `cote11` double DEFAULT NULL,
                       `cote12` double DEFAULT NULL,
                       `cote13` double DEFAULT NULL,
                       `cote14` double DEFAULT NULL,
                       `cote15` double DEFAULT NULL,
                       `cote16` double DEFAULT NULL,
                       `cote17` double DEFAULT NULL,
                       `cote18` double DEFAULT NULL,
                       `cote19` double DEFAULT NULL,
                       `cote20` double DEFAULT NULL,
                       `cote21` double DEFAULT NULL,
                       `cote22` double DEFAULT NULL,
                       `cote23` double DEFAULT NULL,
                       `cote24` double DEFAULT NULL,
                       `cote25` double DEFAULT NULL,
                       `cote26` double DEFAULT NULL,
                       `cote27` double DEFAULT NULL,
                       `cote28` double DEFAULT NULL,
                       `cote29` double DEFAULT NULL,
                       `cote30` double DEFAULT NULL,
                       `cote31` double DEFAULT NULL,
                       `cote32` double DEFAULT NULL,
                       `cote33` double DEFAULT NULL,
                       `cote34` double DEFAULT NULL,
                       `cote35` double DEFAULT NULL,
                       `cote36` double DEFAULT NULL
) ENGINE=InnoDB DEFAULT CHARSET=utf8mb4 COLLATE=utf8mb4_unicode_ci;

--
-- Déchargement des données de la table `bet`
--

INSERT INTO `bet` (`id`, `TypedePari_id`, `affiche_id`, `cote1`, `cote2`, `cote3`, `cote4`, `cote5`, `cote6`, `cote7`, `cote8`, `cote9`, `cote10`, `cote11`, `cote12`, `cote13`, `cote14`, `cote15`, `cote16`, `cote17`, `cote18`, `cote19`, `cote20`, `cote21`, `cote22`, `cote23`, `cote24`, `cote25`, `cote26`, `cote27`, `cote28`, `cote29`, `cote30`, `cote31`, `cote32`, `cote33`, `cote34`, `cote35`, `cote36`) VALUES
                                                                                                                                                                                                                                                                                                                                                                                                                           (1, 1, 5, 2.1, 3.5, 3.5, 4.6, NULL, NULL, NULL, NULL, NULL, NULL, NULL, NULL, NULL, NULL, NULL, NULL, NULL, NULL, NULL, NULL, NULL, NULL, NULL, NULL, NULL, NULL, NULL, NULL, NULL, 0, NULL, NULL, NULL, NULL, NULL, NULL),
                                                                                                                                                                                                                                                                                                                                                                                                                           (2, 1, 6, 2.1, 3.1, 3.1, 4.2, NULL, NULL, NULL, NULL, NULL, NULL, NULL, NULL, NULL, NULL, NULL, NULL, NULL, NULL, NULL, NULL, NULL, NULL, NULL, NULL, NULL, NULL, NULL, NULL, NULL, 0, NULL, NULL, NULL, NULL, NULL, NULL),
                                                                                                                                                                                                                                                                                                                                                                                                                           (3, 3, 5, 100, 21, 16, 8.6, 7.4, 19, 9, 30, 9.1, 5.9, 4.4, 4.5, 11, 7.2, NULL, NULL, NULL, NULL, NULL, NULL, NULL, NULL, NULL, NULL, NULL, NULL, NULL, NULL, NULL, 0, NULL, NULL, NULL, NULL, NULL, NULL),
                                                                                                                                                                                                                                                                                                                                                                                                                           (4, 2, 5, 1.23, 3.2, NULL, NULL, NULL, NULL, NULL, NULL, NULL, NULL, NULL, NULL, NULL, NULL, NULL, NULL, NULL, NULL, NULL, NULL, NULL, NULL, NULL, NULL, NULL, NULL, NULL, NULL, NULL, 0, NULL, NULL, NULL, NULL, NULL, NULL),
                                                                                                                                                                                                                                                                                                                                                                                                                           (5, 5, 5, 2.1, 2.7, 4.6, NULL, NULL, NULL, NULL, NULL, NULL, NULL, NULL, NULL, NULL, NULL, NULL, NULL, NULL, NULL, NULL, NULL, NULL, NULL, NULL, NULL, NULL, NULL, NULL, NULL, NULL, 0, NULL, NULL, NULL, NULL, NULL, NULL),
                                                                                                                                                                                                                                                                                                                                                                                                                           (6, 2, 5, 2.1, 3.5, NULL, NULL, NULL, NULL, NULL, NULL, NULL, NULL, NULL, NULL, NULL, NULL, NULL, NULL, NULL, NULL, NULL, NULL, NULL, NULL, NULL, NULL, NULL, NULL, NULL, NULL, NULL, 0, NULL, NULL, NULL, NULL, NULL, NULL),
                                                                                                                                                                                                                                                                                                                                                                                                                           (7, 2, 8, 2.1, 3.5, NULL, NULL, NULL, NULL, NULL, NULL, NULL, NULL, NULL, NULL, NULL, NULL, NULL, NULL, NULL, NULL, NULL, NULL, NULL, NULL, NULL, NULL, NULL, NULL, NULL, NULL, NULL, 0, NULL, NULL, NULL, NULL, NULL, NULL),
                                                                                                                                                                                                                                                                                                                                                                                                                           (8, 4, 9, 95, 17, 19, 3.6, 10.5, 12.5, 3.8, 100, 100, 21, 30, 4.4, 18, 4.4, NULL, NULL, NULL, NULL, NULL, NULL, NULL, NULL, NULL, NULL, NULL, NULL, NULL, NULL, NULL, 0, NULL, NULL, NULL, NULL, NULL, NULL),
                                                                                                                                                                                                                                                                                                                                                                                                                           (9, 2, 10, 1.8, 2.1, NULL, NULL, NULL, NULL, NULL, NULL, NULL, NULL, NULL, NULL, NULL, NULL, NULL, NULL, NULL, NULL, NULL, NULL, NULL, NULL, NULL, NULL, NULL, NULL, NULL, NULL, NULL, 0, NULL, NULL, NULL, NULL, NULL, NULL),
                                                                                                                                                                                                                                                                                                                                                                                                                           (10, 1, 10, 2.4, 4, 2.95, 4.3, NULL, NULL, NULL, NULL, NULL, NULL, NULL, NULL, NULL, NULL, NULL, NULL, NULL, NULL, NULL, NULL, NULL, NULL, NULL, NULL, NULL, NULL, NULL, NULL, NULL, 0, NULL, NULL, NULL, NULL, NULL, NULL),
                                                                                                                                                                                                                                                                                                                                                                                                                           (11, 6, 10, 1.43, 2.25, NULL, NULL, NULL, NULL, NULL, NULL, NULL, NULL, NULL, NULL, NULL, NULL, NULL, NULL, NULL, NULL, NULL, NULL, NULL, NULL, NULL, NULL, NULL, NULL, NULL, NULL, NULL, 0, NULL, NULL, NULL, NULL, NULL, NULL),
                                                                                                                                                                                                                                                                                                                                                                                                                           (12, 12, 10, 8, 1.01, NULL, NULL, NULL, NULL, NULL, NULL, NULL, NULL, NULL, NULL, NULL, NULL, NULL, NULL, NULL, NULL, NULL, NULL, NULL, NULL, NULL, NULL, NULL, NULL, NULL, NULL, NULL, 0, NULL, NULL, NULL, NULL, NULL, NULL),
                                                                                                                                                                                                                                                                                                                                                                                                                           (13, 3, 10, 30, 11.5, 7.75, 6, 5.9, 12, 10, 38, 14, 9, 6.75, 6.25, 13, 10.5, NULL, NULL, NULL, NULL, NULL, NULL, NULL, NULL, NULL, NULL, NULL, NULL, NULL, NULL, NULL, 0, NULL, NULL, NULL, NULL, NULL, NULL),
                                                                                                                                                                                                                                                                                                                                                                                                                           (14, 10, 10, 1.37, 2.4, NULL, NULL, NULL, NULL, NULL, NULL, NULL, NULL, NULL, NULL, NULL, NULL, NULL, NULL, NULL, NULL, NULL, NULL, NULL, NULL, NULL, NULL, NULL, NULL, NULL, NULL, NULL, 0, NULL, NULL, NULL, NULL, NULL, NULL),
                                                                                                                                                                                                                                                                                                                                                                                                                           (15, 2, 11, 1.58, 2.55, NULL, NULL, NULL, NULL, NULL, NULL, NULL, NULL, NULL, NULL, NULL, NULL, NULL, NULL, NULL, NULL, NULL, NULL, NULL, NULL, NULL, NULL, NULL, NULL, NULL, NULL, NULL, 0, NULL, NULL, NULL, NULL, NULL, NULL),
                                                                                                                                                                                                                                                                                                                                                                                                                           (16, 2, 12, 1.34, 3.75, NULL, NULL, NULL, NULL, NULL, NULL, NULL, NULL, NULL, NULL, NULL, NULL, NULL, NULL, NULL, NULL, NULL, NULL, NULL, NULL, NULL, NULL, NULL, NULL, NULL, NULL, NULL, 0, NULL, NULL, NULL, NULL, NULL, NULL),
                                                                                                                                                                                                                                                                                                                                                                                                                           (17, 1, 12, 1.49, 3.85, 4.8, 5.5, NULL, NULL, NULL, NULL, NULL, NULL, NULL, NULL, NULL, NULL, NULL, NULL, NULL, NULL, NULL, NULL, NULL, NULL, NULL, NULL, NULL, NULL, NULL, NULL, NULL, 0, NULL, NULL, NULL, NULL, NULL, NULL),
                                                                                                                                                                                                                                                                                                                                                                                                                           (18, 2, 13, 1.7, 2.3, NULL, NULL, NULL, NULL, NULL, NULL, NULL, NULL, NULL, NULL, NULL, NULL, NULL, NULL, NULL, NULL, NULL, NULL, NULL, NULL, NULL, NULL, NULL, NULL, NULL, NULL, NULL, 0, NULL, NULL, NULL, NULL, NULL, NULL),
                                                                                                                                                                                                                                                                                                                                                                                                                           (19, 6, 13, 1.42, 2.25, NULL, NULL, NULL, NULL, NULL, NULL, NULL, NULL, NULL, NULL, NULL, NULL, NULL, NULL, NULL, NULL, NULL, NULL, NULL, NULL, NULL, NULL, NULL, NULL, NULL, NULL, NULL, 0, NULL, NULL, NULL, NULL, NULL, NULL),
                                                                                                                                                                                                                                                                                                                                                                                                                           (20, 2, 14, 1.61, 2.38, NULL, NULL, NULL, NULL, NULL, NULL, NULL, NULL, NULL, NULL, NULL, NULL, NULL, NULL, NULL, NULL, NULL, NULL, NULL, NULL, NULL, NULL, NULL, NULL, NULL, NULL, NULL, 0, NULL, NULL, NULL, NULL, NULL, NULL),
                                                                                                                                                                                                                                                                                                                                                                                                                           (21, 2, 15, 1.32, 2.6, NULL, NULL, NULL, NULL, NULL, NULL, NULL, NULL, NULL, NULL, NULL, NULL, NULL, NULL, NULL, NULL, NULL, NULL, NULL, NULL, NULL, NULL, NULL, NULL, NULL, NULL, NULL, 0, NULL, NULL, NULL, NULL, NULL, NULL),
                                                                                                                                                                                                                                                                                                                                                                                                                           (22, 5, 15, 2.05, 2.45, 3.2, NULL, NULL, NULL, NULL, NULL, NULL, NULL, NULL, NULL, NULL, NULL, NULL, NULL, NULL, NULL, NULL, NULL, NULL, NULL, NULL, NULL, NULL, NULL, NULL, NULL, NULL, 0, NULL, NULL, NULL, NULL, NULL, NULL),
                                                                                                                                                                                                                                                                                                                                                                                                                           (23, 7, 15, 2.65, 3.55, 8, 7.25, NULL, NULL, NULL, NULL, NULL, NULL, NULL, NULL, NULL, NULL, NULL, NULL, NULL, NULL, NULL, NULL, NULL, NULL, NULL, NULL, NULL, NULL, NULL, NULL, NULL, 0, NULL, NULL, NULL, NULL, NULL, NULL),
                                                                                                                                                                                                                                                                                                                                                                                                                           (24, 10, 15, 1.3, 2.4, NULL, NULL, NULL, NULL, NULL, NULL, NULL, NULL, NULL, NULL, NULL, NULL, NULL, NULL, NULL, NULL, NULL, NULL, NULL, NULL, NULL, NULL, NULL, NULL, NULL, NULL, NULL, 0, NULL, NULL, NULL, NULL, NULL, NULL),
                                                                                                                                                                                                                                                                                                                                                                                                                           (25, 16, 15, 2.8, 1.18, NULL, NULL, NULL, NULL, NULL, NULL, NULL, NULL, NULL, NULL, NULL, NULL, NULL, NULL, NULL, NULL, NULL, NULL, NULL, NULL, NULL, NULL, NULL, NULL, NULL, NULL, NULL, 0, NULL, NULL, NULL, NULL, NULL, NULL),
                                                                                                                                                                                                                                                                                                                                                                                                                           (26, 3, 15, 30, 12, 7.5, 5.5, 4.5, 11, 6.5, 50, 20, 14, 8, 7.5, 15, 8, NULL, NULL, NULL, NULL, NULL, NULL, NULL, NULL, NULL, NULL, NULL, NULL, NULL, NULL, NULL, 0, NULL, NULL, NULL, NULL, NULL, NULL),
                                                                                                                                                                                                                                                                                                                                                                                                                           (27, 2, 18, 1.25, 3.75, NULL, NULL, NULL, NULL, NULL, NULL, NULL, NULL, NULL, NULL, NULL, NULL, NULL, NULL, NULL, NULL, NULL, NULL, NULL, NULL, NULL, NULL, NULL, NULL, NULL, NULL, NULL, 0, NULL, NULL, NULL, NULL, NULL, NULL),
                                                                                                                                                                                                                                                                                                                                                                                                                           (28, 2, 17, 1.09, 7.5, NULL, NULL, NULL, NULL, NULL, NULL, NULL, NULL, NULL, NULL, NULL, NULL, NULL, NULL, NULL, NULL, NULL, NULL, NULL, NULL, NULL, NULL, NULL, NULL, NULL, NULL, NULL, 0, NULL, NULL, NULL, NULL, NULL, NULL),
                                                                                                                                                                                                                                                                                                                                                                                                                           (29, 2, 17, 1.09, 7.5, NULL, NULL, NULL, NULL, NULL, NULL, NULL, NULL, NULL, NULL, NULL, NULL, NULL, NULL, NULL, NULL, NULL, NULL, NULL, NULL, NULL, NULL, NULL, NULL, NULL, NULL, NULL, 0, NULL, NULL, NULL, NULL, NULL, NULL),
                                                                                                                                                                                                                                                                                                                                                                                                                           (30, 2, 16, 1.47, 2.65, NULL, NULL, NULL, NULL, NULL, NULL, NULL, NULL, NULL, NULL, NULL, NULL, NULL, NULL, NULL, NULL, NULL, NULL, NULL, NULL, NULL, NULL, NULL, NULL, NULL, NULL, NULL, 0, NULL, NULL, NULL, NULL, NULL, NULL),
                                                                                                                                                                                                                                                                                                                                                                                                                           (31, 2, 23, 1.6, 2.05, NULL, NULL, NULL, NULL, NULL, NULL, NULL, NULL, NULL, NULL, NULL, NULL, NULL, NULL, NULL, NULL, NULL, NULL, NULL, NULL, NULL, NULL, NULL, NULL, NULL, NULL, NULL, 0, NULL, NULL, NULL, NULL, NULL, NULL),
                                                                                                                                                                                                                                                                                                                                                                                                                           (32, 2, 22, 1.05, 6.5, NULL, NULL, NULL, NULL, NULL, NULL, NULL, NULL, NULL, NULL, NULL, NULL, NULL, NULL, NULL, NULL, NULL, NULL, NULL, NULL, NULL, NULL, NULL, NULL, NULL, NULL, NULL, 0, NULL, NULL, NULL, NULL, NULL, NULL),
                                                                                                                                                                                                                                                                                                                                                                                                                           (33, 2, 20, 1.33, 2.8, NULL, NULL, NULL, NULL, NULL, NULL, NULL, NULL, NULL, NULL, NULL, NULL, NULL, NULL, NULL, NULL, NULL, NULL, NULL, NULL, NULL, NULL, NULL, NULL, NULL, NULL, NULL, 0, NULL, NULL, NULL, NULL, NULL, NULL),
                                                                                                                                                                                                                                                                                                                                                                                                                           (34, 2, 21, 1.14, 4.4, NULL, NULL, NULL, NULL, NULL, NULL, NULL, NULL, NULL, NULL, NULL, NULL, NULL, NULL, NULL, NULL, NULL, NULL, NULL, NULL, NULL, NULL, NULL, NULL, NULL, NULL, NULL, 0, NULL, NULL, NULL, NULL, NULL, NULL),
                                                                                                                                                                                                                                                                                                                                                                                                                           (35, 2, 19, 1.27, 3.15, NULL, NULL, NULL, NULL, NULL, NULL, NULL, NULL, NULL, NULL, NULL, NULL, NULL, NULL, NULL, NULL, NULL, NULL, NULL, NULL, NULL, NULL, NULL, NULL, NULL, NULL, NULL, 0, NULL, NULL, NULL, NULL, NULL, NULL),
                                                                                                                                                                                                                                                                                                                                                                                                                           (36, 2, 24, 1.66, 2.2, NULL, NULL, NULL, NULL, NULL, NULL, NULL, NULL, NULL, NULL, NULL, NULL, NULL, NULL, NULL, NULL, NULL, NULL, NULL, NULL, NULL, NULL, NULL, NULL, NULL, NULL, NULL, 0, NULL, NULL, NULL, NULL, NULL, NULL),
                                                                                                                                                                                                                                                                                                                                                                                                                           (37, 2, 25, 1.6, 2.4, NULL, NULL, NULL, NULL, NULL, NULL, NULL, NULL, NULL, NULL, NULL, NULL, NULL, NULL, NULL, NULL, NULL, NULL, NULL, NULL, NULL, NULL, NULL, NULL, NULL, NULL, NULL, 0, NULL, NULL, NULL, NULL, NULL, NULL),
                                                                                                                                                                                                                                                                                                                                                                                                                           (38, 1, 25, 2.15, 3.8, 3.45, 4.6, NULL, NULL, NULL, NULL, NULL, NULL, NULL, NULL, NULL, NULL, NULL, NULL, NULL, NULL, NULL, NULL, NULL, NULL, NULL, NULL, NULL, NULL, NULL, NULL, NULL, 0, NULL, NULL, NULL, NULL, NULL, NULL),
                                                                                                                                                                                                                                                                                                                                                                                                                           (39, 19, 25, 1.52, 2, NULL, NULL, NULL, NULL, NULL, NULL, NULL, NULL, NULL, NULL, NULL, NULL, NULL, NULL, NULL, NULL, NULL, NULL, NULL, NULL, NULL, NULL, NULL, NULL, NULL, NULL, NULL, 0, NULL, NULL, NULL, NULL, NULL, NULL),
                                                                                                                                                                                                                                                                                                                                                                                                                           (40, 3, 25, 30, 10.5, 7.25, 5.5, 5.4, 11.5, 9, 50, 10, 10.5, 7.25, 6.5, 14.5, 10, NULL, NULL, NULL, NULL, NULL, NULL, NULL, NULL, NULL, NULL, NULL, NULL, NULL, NULL, NULL, 0, NULL, NULL, NULL, NULL, NULL, NULL),
                                                                                                                                                                                                                                                                                                                                                                                                                           (41, 1, 26, 1.8, 2.7, 2.95, 4.3, NULL, NULL, NULL, NULL, NULL, NULL, NULL, NULL, NULL, NULL, NULL, NULL, NULL, NULL, NULL, NULL, NULL, NULL, NULL, NULL, NULL, NULL, NULL, NULL, NULL, 0, NULL, NULL, NULL, NULL, NULL, NULL),
                                                                                                                                                                                                                                                                                                                                                                                                                           (42, 1, 27, 1.8, 2.4, 2.95, 4.6, NULL, NULL, NULL, NULL, NULL, NULL, NULL, NULL, NULL, NULL, NULL, NULL, NULL, NULL, NULL, NULL, NULL, NULL, NULL, NULL, NULL, NULL, NULL, NULL, NULL, 0, NULL, NULL, NULL, NULL, NULL, NULL),
                                                                                                                                                                                                                                                                                                                                                                                                                           (43, 2, 26, 1.33, 3.4, NULL, NULL, NULL, NULL, NULL, NULL, NULL, NULL, NULL, NULL, NULL, NULL, NULL, NULL, NULL, NULL, NULL, NULL, NULL, NULL, NULL, NULL, NULL, NULL, NULL, NULL, NULL, 0, NULL, NULL, NULL, NULL, NULL, NULL),
                                                                                                                                                                                                                                                                                                                                                                                                                           (44, 2, 27, 1.67, 2.25, NULL, NULL, NULL, NULL, NULL, NULL, NULL, NULL, NULL, NULL, NULL, NULL, NULL, NULL, NULL, NULL, NULL, NULL, NULL, NULL, NULL, NULL, NULL, NULL, NULL, NULL, NULL, 0, NULL, NULL, NULL, NULL, NULL, NULL),
                                                                                                                                                                                                                                                                                                                                                                                                                           (45, 2, 28, 1.68, 2.2, NULL, NULL, NULL, NULL, NULL, NULL, NULL, NULL, NULL, NULL, NULL, NULL, NULL, NULL, NULL, NULL, NULL, NULL, NULL, NULL, NULL, NULL, NULL, NULL, NULL, NULL, NULL, 0, NULL, NULL, NULL, NULL, NULL, NULL),
                                                                                                                                                                                                                                                                                                                                                                                                                           (46, 2, 29, 1.56, 2.45, NULL, NULL, NULL, NULL, NULL, NULL, NULL, NULL, NULL, NULL, NULL, NULL, NULL, NULL, NULL, NULL, NULL, NULL, NULL, NULL, NULL, NULL, NULL, NULL, NULL, NULL, NULL, 0, NULL, NULL, NULL, NULL, NULL, NULL),
                                                                                                                                                                                                                                                                                                                                                                                                                           (47, 2, 31, 1.45, 2.9, NULL, NULL, NULL, NULL, NULL, NULL, NULL, NULL, NULL, NULL, NULL, NULL, NULL, NULL, NULL, NULL, NULL, NULL, NULL, NULL, NULL, NULL, NULL, NULL, NULL, NULL, NULL, 0, NULL, NULL, NULL, NULL, NULL, NULL),
                                                                                                                                                                                                                                                                                                                                                                                                                           (48, 2, 32, 1.45, 2.9, NULL, NULL, NULL, NULL, NULL, NULL, NULL, NULL, NULL, NULL, NULL, NULL, NULL, NULL, NULL, NULL, NULL, NULL, NULL, NULL, NULL, NULL, NULL, NULL, NULL, NULL, NULL, 0, NULL, NULL, NULL, NULL, NULL, NULL),
                                                                                                                                                                                                                                                                                                                                                                                                                           (49, 2, 33, 1.38, 2.45, NULL, NULL, NULL, NULL, NULL, NULL, NULL, NULL, NULL, NULL, NULL, NULL, NULL, NULL, NULL, NULL, NULL, NULL, NULL, NULL, NULL, NULL, NULL, NULL, NULL, NULL, NULL, 0, NULL, NULL, NULL, NULL, NULL, NULL),
                                                                                                                                                                                                                                                                                                                                                                                                                           (50, 2, 34, 1.47, 2.8, NULL, NULL, NULL, NULL, NULL, NULL, NULL, NULL, NULL, NULL, NULL, NULL, NULL, NULL, NULL, NULL, NULL, NULL, NULL, NULL, NULL, NULL, NULL, NULL, NULL, NULL, NULL, 0, NULL, NULL, NULL, NULL, NULL, NULL),
                                                                                                                                                                                                                                                                                                                                                                                                                           (51, 1, 34, 2, 3.45, 4.1, 5.1, NULL, NULL, NULL, NULL, NULL, NULL, NULL, NULL, NULL, NULL, NULL, NULL, NULL, NULL, NULL, NULL, NULL, NULL, NULL, NULL, NULL, NULL, NULL, NULL, NULL, 0, NULL, NULL, NULL, NULL, NULL, NULL),
                                                                                                                                                                                                                                                                                                                                                                                                                           (52, 19, 34, 1.43, 2.2, NULL, NULL, NULL, NULL, NULL, NULL, NULL, NULL, NULL, NULL, NULL, NULL, NULL, NULL, NULL, NULL, NULL, NULL, NULL, NULL, NULL, NULL, NULL, NULL, NULL, NULL, NULL, 0, NULL, NULL, NULL, NULL, NULL, NULL),
                                                                                                                                                                                                                                                                                                                                                                                                                           (53, 21, 34, 1.7, 1.8, NULL, NULL, NULL, NULL, NULL, NULL, NULL, NULL, NULL, NULL, NULL, NULL, NULL, NULL, NULL, NULL, NULL, NULL, NULL, NULL, NULL, NULL, NULL, NULL, NULL, NULL, NULL, 0, NULL, NULL, NULL, NULL, NULL, NULL),
                                                                                                                                                                                                                                                                                                                                                                                                                           (54, 16, 34, 2.4, 1.45, NULL, NULL, NULL, NULL, NULL, NULL, NULL, NULL, NULL, NULL, NULL, NULL, NULL, NULL, NULL, NULL, NULL, NULL, NULL, NULL, NULL, NULL, NULL, NULL, NULL, NULL, NULL, 0, NULL, NULL, NULL, NULL, NULL, NULL),
                                                                                                                                                                                                                                                                                                                                                                                                                           (55, 2, 35, 1.8, 2.05, NULL, NULL, NULL, NULL, NULL, NULL, NULL, NULL, NULL, NULL, NULL, NULL, NULL, NULL, NULL, NULL, NULL, NULL, NULL, NULL, NULL, NULL, NULL, NULL, NULL, NULL, NULL, 0, NULL, NULL, NULL, NULL, NULL, NULL),
                                                                                                                                                                                                                                                                                                                                                                                                                           (56, 2, 36, 1.8, 2.05, NULL, NULL, NULL, NULL, NULL, NULL, NULL, NULL, NULL, NULL, NULL, NULL, NULL, NULL, NULL, NULL, NULL, NULL, NULL, NULL, NULL, NULL, NULL, NULL, NULL, NULL, NULL, 0, NULL, NULL, NULL, NULL, NULL, NULL),
                                                                                                                                                                                                                                                                                                                                                                                                                           (57, 2, 37, 1.8, 3.55, NULL, NULL, NULL, NULL, NULL, NULL, NULL, NULL, NULL, NULL, NULL, NULL, NULL, NULL, NULL, NULL, NULL, NULL, NULL, NULL, NULL, NULL, NULL, NULL, NULL, NULL, NULL, 0, NULL, NULL, NULL, NULL, NULL, NULL),
                                                                                                                                                                                                                                                                                                                                                                                                                           (58, 22, 38, 1.8, 3.6, 4.1, NULL, NULL, NULL, NULL, NULL, NULL, NULL, NULL, NULL, NULL, NULL, NULL, NULL, NULL, NULL, NULL, NULL, NULL, NULL, NULL, NULL, NULL, NULL, NULL, NULL, NULL, 0, NULL, NULL, NULL, NULL, NULL, NULL),
                                                                                                                                                                                                                                                                                                                                                                                                                           (59, 2, 41, 1.8, 1.9, NULL, NULL, NULL, NULL, NULL, NULL, NULL, NULL, NULL, NULL, NULL, NULL, NULL, NULL, NULL, NULL, NULL, NULL, NULL, NULL, NULL, NULL, NULL, NULL, NULL, NULL, NULL, 0, NULL, NULL, NULL, NULL, NULL, NULL),
                                                                                                                                                                                                                                                                                                                                                                                                                           (60, 22, 45, 1.8, 3, 3.3, NULL, NULL, NULL, NULL, NULL, NULL, NULL, NULL, NULL, NULL, NULL, NULL, NULL, NULL, NULL, NULL, NULL, NULL, NULL, NULL, NULL, NULL, NULL, NULL, NULL, NULL, 0, NULL, NULL, NULL, NULL, NULL, NULL),
                                                                                                                                                                                                                                                                                                                                                                                                                           (61, 22, 44, 1.18, 4.5, 9.5, NULL, NULL, NULL, NULL, NULL, NULL, NULL, NULL, NULL, NULL, NULL, NULL, NULL, NULL, NULL, NULL, NULL, NULL, NULL, NULL, NULL, NULL, NULL, NULL, NULL, NULL, 0, NULL, NULL, NULL, NULL, NULL, NULL),
                                                                                                                                                                                                                                                                                                                                                                                                                           (62, 22, 43, 1.65, 3, 4.5, NULL, NULL, NULL, NULL, NULL, NULL, NULL, NULL, NULL, NULL, NULL, NULL, NULL, NULL, NULL, NULL, NULL, NULL, NULL, NULL, NULL, NULL, NULL, NULL, NULL, NULL, 0, NULL, NULL, NULL, NULL, NULL, NULL),
                                                                                                                                                                                                                                                                                                                                                                                                                           (63, 22, 42, 1.8, 2.8, 3.2, NULL, NULL, NULL, NULL, NULL, NULL, NULL, NULL, NULL, NULL, NULL, NULL, NULL, NULL, NULL, NULL, NULL, NULL, NULL, NULL, NULL, NULL, NULL, NULL, NULL, NULL, 0, NULL, NULL, NULL, NULL, NULL, NULL),
                                                                                                                                                                                                                                                                                                                                                                                                                           (64, 23, 43, 3.2, 6, 8.5, 13, 19, 40, 30, 40, 60, 80, 10.5, 7, 15, 55, 250, 13, 29, 16, 65, 46, 46, 180, 110, 110, 34, NULL, NULL, NULL, NULL, 0, NULL, NULL, NULL, NULL, NULL, NULL),
                                                                                                                                                                                                                                                                                                                                                                                                                           (65, 22, 46, 2, 3.5, 4.3, NULL, NULL, NULL, NULL, NULL, NULL, NULL, NULL, NULL, NULL, NULL, NULL, NULL, NULL, NULL, NULL, NULL, NULL, NULL, NULL, NULL, NULL, NULL, NULL, NULL, NULL, 0, NULL, NULL, NULL, NULL, NULL, NULL),
                                                                                                                                                                                                                                                                                                                                                                                                                           (66, 2, 47, 3.68, NULL, NULL, NULL, NULL, NULL, NULL, NULL, NULL, NULL, NULL, NULL, NULL, NULL, NULL, NULL, NULL, NULL, NULL, NULL, NULL, NULL, NULL, NULL, NULL, NULL, NULL, NULL, NULL, 0, NULL, NULL, NULL, NULL, NULL, NULL),
                                                                                                                                                                                                                                                                                                                                                                                                                           (67, 2, 48, 3.75, NULL, NULL, NULL, NULL, NULL, NULL, NULL, NULL, NULL, NULL, NULL, NULL, NULL, NULL, NULL, NULL, NULL, NULL, NULL, NULL, NULL, NULL, NULL, NULL, NULL, NULL, NULL, NULL, 0, NULL, NULL, NULL, NULL, NULL, NULL),
                                                                                                                                                                                                                                                                                                                                                                                                                           (68, 2, 49, 3.75, NULL, NULL, NULL, NULL, NULL, NULL, NULL, NULL, NULL, NULL, NULL, NULL, NULL, NULL, NULL, NULL, NULL, NULL, NULL, NULL, NULL, NULL, NULL, NULL, NULL, NULL, NULL, NULL, 0, NULL, NULL, NULL, NULL, NULL, NULL),
                                                                                                                                                                                                                                                                                                                                                                                                                           (69, 2, 50, 2.95, NULL, NULL, NULL, NULL, NULL, NULL, NULL, NULL, NULL, NULL, NULL, NULL, NULL, NULL, NULL, NULL, NULL, NULL, NULL, NULL, NULL, NULL, NULL, NULL, NULL, NULL, NULL, NULL, 0, NULL, NULL, NULL, NULL, NULL, NULL),
                                                                                                                                                                                                                                                                                                                                                                                                                           (70, 2, 50, 1.8, 2.65, NULL, NULL, NULL, NULL, NULL, NULL, NULL, NULL, NULL, NULL, NULL, NULL, NULL, NULL, NULL, NULL, NULL, NULL, NULL, NULL, NULL, NULL, NULL, NULL, NULL, NULL, NULL, 0, NULL, NULL, NULL, NULL, NULL, NULL),
                                                                                                                                                                                                                                                                                                                                                                                                                           (71, 2, 51, 1.33, 2.6, NULL, NULL, NULL, NULL, NULL, NULL, NULL, NULL, NULL, NULL, NULL, NULL, NULL, NULL, NULL, NULL, NULL, NULL, NULL, NULL, NULL, NULL, NULL, NULL, NULL, NULL, NULL, 0, NULL, NULL, NULL, NULL, NULL, NULL),
                                                                                                                                                                                                                                                                                                                                                                                                                           (72, 22, 52, 1.55, 4.55, 6.01, NULL, NULL, NULL, NULL, NULL, NULL, NULL, NULL, NULL, NULL, NULL, NULL, NULL, NULL, NULL, NULL, NULL, NULL, NULL, NULL, NULL, NULL, NULL, NULL, NULL, NULL, 0, NULL, NULL, NULL, NULL, NULL, NULL),
                                                                                                                                                                                                                                                                                                                                                                                                                           (73, 12, 50, 1.8, 2.5, NULL, NULL, NULL, NULL, NULL, NULL, NULL, NULL, NULL, NULL, NULL, NULL, NULL, NULL, NULL, NULL, NULL, NULL, NULL, NULL, NULL, NULL, NULL, NULL, NULL, NULL, NULL, 0, NULL, NULL, NULL, NULL, NULL, NULL),
                                                                                                                                                                                                                                                                                                                                                                                                                           (74, 2, 53, 1.33, 3.4, NULL, NULL, NULL, NULL, NULL, NULL, NULL, NULL, NULL, NULL, NULL, NULL, NULL, NULL, NULL, NULL, NULL, NULL, NULL, NULL, NULL, NULL, NULL, NULL, NULL, NULL, NULL, 0, NULL, NULL, NULL, NULL, NULL, NULL),
                                                                                                                                                                                                                                                                                                                                                                                                                           (75, 22, 54, 1.81, 3.22, 4.2, NULL, NULL, NULL, NULL, NULL, NULL, NULL, NULL, NULL, NULL, NULL, NULL, NULL, NULL, NULL, NULL, NULL, NULL, NULL, NULL, NULL, NULL, NULL, NULL, NULL, NULL, 0, NULL, NULL, NULL, NULL, NULL, NULL),
                                                                                                                                                                                                                                                                                                                                                                                                                           (76, 2, 55, 1.6, 2.4, NULL, NULL, NULL, NULL, NULL, NULL, NULL, NULL, NULL, NULL, NULL, NULL, NULL, NULL, NULL, NULL, NULL, NULL, NULL, NULL, NULL, NULL, NULL, NULL, NULL, NULL, NULL, 0, NULL, NULL, NULL, NULL, NULL, NULL),
                                                                                                                                                                                                                                                                                                                                                                                                                           (77, 2, 56, 1.31, 3.55, NULL, NULL, NULL, NULL, NULL, NULL, NULL, NULL, NULL, NULL, NULL, NULL, NULL, NULL, NULL, NULL, NULL, NULL, NULL, NULL, NULL, NULL, NULL, NULL, NULL, NULL, NULL, 0, NULL, NULL, NULL, NULL, NULL, NULL),
                                                                                                                                                                                                                                                                                                                                                                                                                           (78, 2, 57, 1.62, 2.2, NULL, NULL, NULL, NULL, NULL, NULL, NULL, NULL, NULL, NULL, NULL, NULL, NULL, NULL, NULL, NULL, NULL, NULL, NULL, NULL, NULL, NULL, NULL, NULL, NULL, NULL, NULL, 0, NULL, NULL, NULL, NULL, NULL, NULL),
                                                                                                                                                                                                                                                                                                                                                                                                                           (79, 1, 57, 2.21, 3.91, 3.31, 4.61, NULL, NULL, NULL, NULL, NULL, NULL, NULL, NULL, NULL, NULL, NULL, NULL, NULL, NULL, NULL, NULL, NULL, NULL, NULL, NULL, NULL, NULL, NULL, NULL, NULL, 0, NULL, NULL, NULL, NULL, NULL, NULL),
                                                                                                                                                                                                                                                                                                                                                                                                                           (80, 1, 56, 1.66, 3.71, 3.31, 4.61, NULL, NULL, NULL, NULL, NULL, NULL, NULL, NULL, NULL, NULL, NULL, NULL, NULL, NULL, NULL, NULL, NULL, NULL, NULL, NULL, NULL, NULL, NULL, NULL, NULL, 0, NULL, NULL, NULL, NULL, NULL, NULL),
                                                                                                                                                                                                                                                                                                                                                                                                                           (81, 2, 58, 1.91, 1.94, NULL, NULL, NULL, NULL, NULL, NULL, NULL, NULL, NULL, NULL, NULL, NULL, NULL, NULL, NULL, NULL, NULL, NULL, NULL, NULL, NULL, NULL, NULL, NULL, NULL, NULL, NULL, 0, NULL, NULL, NULL, NULL, NULL, NULL),
                                                                                                                                                                                                                                                                                                                                                                                                                           (82, 1, 58, 2.65, 4.01, 2.71, 4.11, NULL, NULL, NULL, NULL, NULL, NULL, NULL, NULL, NULL, NULL, NULL, NULL, NULL, NULL, NULL, NULL, NULL, NULL, NULL, NULL, NULL, NULL, NULL, NULL, NULL, 0, NULL, NULL, NULL, NULL, NULL, NULL),
                                                                                                                                                                                                                                                                                                                                                                                                                           (83, 22, 59, 2.55, 2.58, 2.98, NULL, NULL, NULL, NULL, NULL, NULL, NULL, NULL, NULL, NULL, NULL, NULL, NULL, NULL, NULL, NULL, NULL, NULL, NULL, NULL, NULL, NULL, NULL, NULL, NULL, NULL, 0, NULL, NULL, NULL, NULL, NULL, NULL),
                                                                                                                                                                                                                                                                                                                                                                                                                           (84, 22, 60, 1.18, 7.5, 20, NULL, NULL, NULL, NULL, NULL, NULL, NULL, NULL, NULL, NULL, NULL, NULL, NULL, NULL, NULL, NULL, NULL, NULL, NULL, NULL, NULL, NULL, NULL, NULL, NULL, NULL, 0, NULL, NULL, NULL, NULL, NULL, NULL),
                                                                                                                                                                                                                                                                                                                                                                                                                           (85, 22, 61, 1.38, 4.5, 9, NULL, NULL, NULL, NULL, NULL, NULL, NULL, NULL, NULL, NULL, NULL, NULL, NULL, NULL, NULL, NULL, NULL, NULL, NULL, NULL, NULL, NULL, NULL, NULL, NULL, NULL, 0, NULL, NULL, NULL, NULL, NULL, NULL),
                                                                                                                                                                                                                                                                                                                                                                                                                           (86, 22, 62, 1.41, 4.5, 8.25, NULL, NULL, NULL, NULL, NULL, NULL, NULL, NULL, NULL, NULL, NULL, NULL, NULL, NULL, NULL, NULL, NULL, NULL, NULL, NULL, NULL, NULL, NULL, NULL, NULL, NULL, 0, NULL, NULL, NULL, NULL, NULL, NULL),
                                                                                                                                                                                                                                                                                                                                                                                                                           (87, 23, 62, 4.41, 4.91, 8.01, 7.75, 13, 38, 16, 27, 60, 180, 38, 55, 110, 400, 500, 7.25, 7.25, 25, 100, 500, 50, 12, 36, 23, 25, NULL, NULL, NULL, NULL, 0, NULL, NULL, NULL, NULL, NULL, NULL),
                                                                                                                                                                                                                                                                                                                                                                                                                           (88, 2, 63, 1.74, 2.14, NULL, NULL, NULL, NULL, NULL, NULL, NULL, NULL, NULL, NULL, NULL, NULL, NULL, NULL, NULL, NULL, NULL, NULL, NULL, NULL, NULL, NULL, NULL, NULL, NULL, NULL, NULL, 0, NULL, NULL, NULL, NULL, NULL, NULL),
                                                                                                                                                                                                                                                                                                                                                                                                                           (89, 2, 64, 1.64, 2.33, NULL, NULL, NULL, NULL, NULL, NULL, NULL, NULL, NULL, NULL, NULL, NULL, NULL, NULL, NULL, NULL, NULL, NULL, NULL, NULL, NULL, NULL, NULL, NULL, NULL, NULL, NULL, 0, NULL, NULL, NULL, NULL, NULL, NULL),
                                                                                                                                                                                                                                                                                                                                                                                                                           (90, 2, 65, 1.2, 4.8, NULL, NULL, NULL, NULL, NULL, NULL, NULL, NULL, NULL, NULL, NULL, NULL, NULL, NULL, NULL, NULL, NULL, NULL, NULL, NULL, NULL, NULL, NULL, NULL, NULL, NULL, NULL, 0, NULL, NULL, NULL, NULL, NULL, NULL),
                                                                                                                                                                                                                                                                                                                                                                                                                           (91, 2, 66, 1.65, 2.6, NULL, NULL, NULL, NULL, NULL, NULL, NULL, NULL, NULL, NULL, NULL, NULL, NULL, NULL, NULL, NULL, NULL, NULL, NULL, NULL, NULL, NULL, NULL, NULL, NULL, NULL, NULL, 0, NULL, NULL, NULL, NULL, NULL, NULL),
                                                                                                                                                                                                                                                                                                                                                                                                                           (92, 2, 67, 1.55, 2.6, NULL, NULL, NULL, NULL, NULL, NULL, NULL, NULL, NULL, NULL, NULL, NULL, NULL, NULL, NULL, NULL, NULL, NULL, NULL, NULL, NULL, NULL, NULL, NULL, NULL, NULL, NULL, 0, NULL, NULL, NULL, NULL, NULL, NULL),
                                                                                                                                                                                                                                                                                                                                                                                                                           (93, 2, 68, 1.46, 2.8, NULL, NULL, NULL, NULL, NULL, NULL, NULL, NULL, NULL, NULL, NULL, NULL, NULL, NULL, NULL, NULL, NULL, NULL, NULL, NULL, NULL, NULL, NULL, NULL, NULL, NULL, NULL, 0, NULL, NULL, NULL, NULL, NULL, NULL),
                                                                                                                                                                                                                                                                                                                                                                                                                           (94, 1, 68, 2.05, 3.28, 4.3, 5.1, NULL, NULL, NULL, NULL, NULL, NULL, NULL, NULL, NULL, NULL, NULL, NULL, NULL, NULL, NULL, NULL, NULL, NULL, NULL, NULL, NULL, NULL, NULL, NULL, NULL, 0, NULL, NULL, NULL, NULL, NULL, NULL),
                                                                                                                                                                                                                                                                                                                                                                                                                           (95, 1, 66, 2.22, 3.91, 3.31, 4.75, NULL, NULL, NULL, NULL, NULL, NULL, NULL, NULL, NULL, NULL, NULL, NULL, NULL, NULL, NULL, NULL, NULL, NULL, NULL, NULL, NULL, NULL, NULL, NULL, NULL, 0, NULL, NULL, NULL, NULL, NULL, NULL),
                                                                                                                                                                                                                                                                                                                                                                                                                           (96, 1, 65, 1.53, 3.32, 7.75, 7.7, NULL, NULL, NULL, NULL, NULL, NULL, NULL, NULL, NULL, NULL, NULL, NULL, NULL, NULL, NULL, NULL, NULL, NULL, NULL, NULL, NULL, NULL, NULL, NULL, NULL, 0, NULL, NULL, NULL, NULL, NULL, NULL),
                                                                                                                                                                                                                                                                                                                                                                                                                           (97, 1, 67, 2.05, 3.75, 3.72, 5.11, NULL, NULL, NULL, NULL, NULL, NULL, NULL, NULL, NULL, NULL, NULL, NULL, NULL, NULL, NULL, NULL, NULL, NULL, NULL, NULL, NULL, NULL, NULL, NULL, NULL, 0, NULL, NULL, NULL, NULL, NULL, NULL),
                                                                                                                                                                                                                                                                                                                                                                                                                           (98, 2, 69, 1.8, 2.8, NULL, NULL, NULL, NULL, NULL, NULL, NULL, NULL, NULL, NULL, NULL, NULL, NULL, NULL, NULL, NULL, NULL, NULL, NULL, NULL, NULL, NULL, NULL, NULL, NULL, NULL, NULL, 0, NULL, NULL, NULL, NULL, NULL, NULL),
                                                                                                                                                                                                                                                                                                                                                                                                                           (99, 2, 70, 1.6, 3.4, NULL, NULL, NULL, NULL, NULL, NULL, NULL, NULL, NULL, NULL, NULL, NULL, NULL, NULL, NULL, NULL, NULL, NULL, NULL, NULL, NULL, NULL, NULL, NULL, NULL, NULL, NULL, 0, NULL, NULL, NULL, NULL, NULL, NULL),
                                                                                                                                                                                                                                                                                                                                                                                                                           (100, 2, 71, 1.55, 2.2, NULL, NULL, NULL, NULL, NULL, NULL, NULL, NULL, NULL, NULL, NULL, NULL, NULL, NULL, NULL, NULL, NULL, NULL, NULL, NULL, NULL, NULL, NULL, NULL, NULL, NULL, NULL, 0, NULL, NULL, NULL, NULL, NULL, NULL),
                                                                                                                                                                                                                                                                                                                                                                                                                           (101, 2, 72, 1.55, 2.6, NULL, NULL, NULL, NULL, NULL, NULL, NULL, NULL, NULL, NULL, NULL, NULL, NULL, NULL, NULL, NULL, NULL, NULL, NULL, NULL, NULL, NULL, NULL, NULL, NULL, NULL, NULL, 0, NULL, NULL, NULL, NULL, NULL, NULL),
                                                                                                                                                                                                                                                                                                                                                                                                                           (102, 2, 73, 1.29, 3.8, NULL, NULL, NULL, NULL, NULL, NULL, NULL, NULL, NULL, NULL, NULL, NULL, NULL, NULL, NULL, NULL, NULL, NULL, NULL, NULL, NULL, NULL, NULL, NULL, NULL, NULL, NULL, 0, NULL, NULL, NULL, NULL, NULL, NULL),
                                                                                                                                                                                                                                                                                                                                                                                                                           (103, 2, 74, 1.21, 5.01, NULL, NULL, NULL, NULL, NULL, NULL, NULL, NULL, NULL, NULL, NULL, NULL, NULL, NULL, NULL, NULL, NULL, NULL, NULL, NULL, NULL, NULL, NULL, NULL, NULL, NULL, NULL, 0, NULL, NULL, NULL, NULL, NULL, NULL),
                                                                                                                                                                                                                                                                                                                                                                                                                           (104, 2, 75, 1.55, 2.58, NULL, NULL, NULL, NULL, NULL, NULL, NULL, NULL, NULL, NULL, NULL, NULL, NULL, NULL, NULL, NULL, NULL, NULL, NULL, NULL, NULL, NULL, NULL, NULL, NULL, NULL, NULL, 0, NULL, NULL, NULL, NULL, NULL, NULL),
                                                                                                                                                                                                                                                                                                                                                                                                                           (105, 1, 75, 1.97, 3.78, 3.85, 5.35, NULL, NULL, NULL, NULL, NULL, NULL, NULL, NULL, NULL, NULL, NULL, NULL, NULL, NULL, NULL, NULL, NULL, NULL, NULL, NULL, NULL, NULL, NULL, NULL, NULL, 0, NULL, NULL, NULL, NULL, NULL, NULL),
                                                                                                                                                                                                                                                                                                                                                                                                                           (106, 6, 75, 1.39, 2.26, NULL, NULL, NULL, NULL, NULL, NULL, NULL, NULL, NULL, NULL, NULL, NULL, NULL, NULL, NULL, NULL, NULL, NULL, NULL, NULL, NULL, NULL, NULL, NULL, NULL, NULL, NULL, 0, NULL, NULL, NULL, NULL, NULL, NULL),
                                                                                                                                                                                                                                                                                                                                                                                                                           (107, 12, 75, 5.1, 1.05, NULL, NULL, NULL, NULL, NULL, NULL, NULL, NULL, NULL, NULL, NULL, NULL, NULL, NULL, NULL, NULL, NULL, NULL, NULL, NULL, NULL, NULL, NULL, NULL, NULL, NULL, NULL, 0, NULL, NULL, NULL, NULL, NULL, NULL),
                                                                                                                                                                                                                                                                                                                                                                                                                           (108, 13, 75, 1.64, 6.51, 8.51, 3.01, NULL, NULL, NULL, NULL, NULL, NULL, NULL, NULL, NULL, NULL, NULL, NULL, NULL, NULL, NULL, NULL, NULL, NULL, NULL, NULL, NULL, NULL, NULL, NULL, NULL, 0, NULL, NULL, NULL, NULL, NULL, NULL),
                                                                                                                                                                                                                                                                                                                                                                                                                           (109, 3, 75, 21, 8.51, 6.25, 5.41, 5.51, 11, 10, 46, 17, 10.51, 8.01, 7.25, 15, 12.51, NULL, NULL, NULL, NULL, NULL, NULL, NULL, NULL, NULL, NULL, NULL, NULL, NULL, NULL, NULL, 0, NULL, NULL, NULL, NULL, NULL, NULL),
                                                                                                                                                                                                                                                                                                                                                                                                                           (110, 2, 76, 1.7, 2.2, NULL, NULL, NULL, NULL, NULL, NULL, NULL, NULL, NULL, NULL, NULL, NULL, NULL, NULL, NULL, NULL, NULL, NULL, NULL, NULL, NULL, NULL, NULL, NULL, NULL, NULL, NULL, 0, NULL, NULL, NULL, NULL, NULL, NULL),
                                                                                                                                                                                                                                                                                                                                                                                                                           (111, 2, 77, 1.8, 2.8, NULL, NULL, NULL, NULL, NULL, NULL, NULL, NULL, NULL, NULL, NULL, NULL, NULL, NULL, NULL, NULL, NULL, NULL, NULL, NULL, NULL, NULL, NULL, NULL, NULL, NULL, NULL, 0, NULL, NULL, NULL, NULL, NULL, NULL),
                                                                                                                                                                                                                                                                                                                                                                                                                           (112, 1, 76, 2.31, 3.85, 3.21, 4.41, NULL, NULL, NULL, NULL, NULL, NULL, NULL, NULL, NULL, NULL, NULL, NULL, NULL, NULL, NULL, NULL, NULL, NULL, NULL, NULL, NULL, NULL, NULL, NULL, NULL, 0, NULL, NULL, NULL, NULL, NULL, NULL),
                                                                                                                                                                                                                                                                                                                                                                                                                           (113, 3, 76, 40, 12.51, 8.01, 5.71, 5.51, 12, 8.51, 50, 17, 10, 6.75, 6.25, 14, 9.01, NULL, NULL, NULL, NULL, NULL, NULL, NULL, NULL, NULL, NULL, NULL, NULL, NULL, NULL, NULL, 0, NULL, NULL, NULL, NULL, NULL, NULL),
                                                                                                                                                                                                                                                                                                                                                                                                                           (114, 22, 78, 1.58, 4.35, 5.65, NULL, NULL, NULL, NULL, NULL, NULL, NULL, NULL, NULL, NULL, NULL, NULL, NULL, NULL, NULL, NULL, NULL, NULL, NULL, NULL, NULL, NULL, NULL, NULL, NULL, NULL, 0, NULL, NULL, NULL, NULL, NULL, NULL),
                                                                                                                                                                                                                                                                                                                                                                                                                           (115, 23, 78, 5, 6, 7, 8, 7, 9, 10, 12, 8, 7, 6, 7, 9, 14, 12, 67, 90, 54, 50, 47, 68, 43, 68, 89, 90, 34, 23, 78, 200, 35, 23, 89, 78, 76, 56, 45),
                                                                                                                                                                                                                                                                                                                                                                                                                           (116, 22, 80, 2.55, 3.41, 2.82, NULL, NULL, NULL, NULL, NULL, NULL, NULL, NULL, NULL, NULL, NULL, NULL, NULL, NULL, NULL, NULL, NULL, NULL, NULL, NULL, NULL, NULL, NULL, NULL, NULL, NULL, NULL, NULL, NULL, NULL, NULL, NULL, NULL),
                                                                                                                                                                                                                                                                                                                                                                                                                           (117, 23, 80, 8.51, 11, 8.01, 21, 16, 22, 48, 38, 70, 90, 75, 95, 160, 350, 10, 5.61, 10, 36, 130, 130, 60, 12, 8.51, 25, 17, 23, 55, 42, 50, 70, 110, 85, 100, 170, 400, NULL),
                                                                                                                                                                                                                                                                                                                                                                                                                           (118, 22, 81, 2.7, 3.3, 2.8, NULL, NULL, NULL, NULL, NULL, NULL, NULL, NULL, NULL, NULL, NULL, NULL, NULL, NULL, NULL, NULL, NULL, NULL, NULL, NULL, NULL, NULL, NULL, NULL, NULL, NULL, NULL, NULL, NULL, NULL, NULL, NULL, NULL),
                                                                                                                                                                                                                                                                                                                                                                                                                           (119, 2, 82, 1.66, 2.24, NULL, NULL, NULL, NULL, NULL, NULL, NULL, NULL, NULL, NULL, NULL, NULL, NULL, NULL, NULL, NULL, NULL, NULL, NULL, NULL, NULL, NULL, NULL, NULL, NULL, NULL, NULL, NULL, NULL, NULL, NULL, NULL, NULL, NULL),
                                                                                                                                                                                                                                                                                                                                                                                                                           (120, 2, 83, 1.73, 2.11, NULL, NULL, NULL, NULL, NULL, NULL, NULL, NULL, NULL, NULL, NULL, NULL, NULL, NULL, NULL, NULL, NULL, NULL, NULL, NULL, NULL, NULL, NULL, NULL, NULL, NULL, NULL, NULL, NULL, NULL, NULL, NULL, NULL, NULL),
                                                                                                                                                                                                                                                                                                                                                                                                                           (121, 2, 84, 1.31, 2.75, NULL, NULL, NULL, NULL, NULL, NULL, NULL, NULL, NULL, NULL, NULL, NULL, NULL, NULL, NULL, NULL, NULL, NULL, NULL, NULL, NULL, NULL, NULL, NULL, NULL, NULL, NULL, NULL, NULL, NULL, NULL, NULL, NULL, NULL),
                                                                                                                                                                                                                                                                                                                                                                                                                           (122, 1, 84, 1.65, 3.5, 3.1, 4.8, NULL, NULL, NULL, NULL, NULL, NULL, NULL, NULL, NULL, NULL, NULL, NULL, NULL, NULL, NULL, NULL, NULL, NULL, NULL, NULL, NULL, NULL, NULL, NULL, NULL, NULL, NULL, NULL, NULL, NULL, NULL, NULL),
                                                                                                                                                                                                                                                                                                                                                                                                                           (123, 2, 85, 1.62, 2.31, NULL, NULL, NULL, NULL, NULL, NULL, NULL, NULL, NULL, NULL, NULL, NULL, NULL, NULL, NULL, NULL, NULL, NULL, NULL, NULL, NULL, NULL, NULL, NULL, NULL, NULL, NULL, NULL, NULL, NULL, NULL, NULL, NULL, NULL),
                                                                                                                                                                                                                                                                                                                                                                                                                           (124, 1, 85, 2.2, 3.85, 3.31, 4.61, NULL, NULL, NULL, NULL, NULL, NULL, NULL, NULL, NULL, NULL, NULL, NULL, NULL, NULL, NULL, NULL, NULL, NULL, NULL, NULL, NULL, NULL, NULL, NULL, NULL, NULL, NULL, NULL, NULL, NULL, NULL, NULL),
                                                                                                                                                                                                                                                                                                                                                                                                                           (125, 1, 83, 2.85, 4.21, 2.55, 4.01, NULL, NULL, NULL, NULL, NULL, NULL, NULL, NULL, NULL, NULL, NULL, NULL, NULL, NULL, NULL, NULL, NULL, NULL, NULL, NULL, NULL, NULL, NULL, NULL, NULL, NULL, NULL, NULL, NULL, NULL, NULL, NULL),
                                                                                                                                                                                                                                                                                                                                                                                                                           (132, 2, 89, 1.8, 2.6, NULL, NULL, NULL, NULL, NULL, NULL, NULL, NULL, NULL, NULL, NULL, NULL, NULL, NULL, NULL, NULL, NULL, NULL, NULL, NULL, NULL, NULL, NULL, NULL, NULL, NULL, NULL, NULL, NULL, NULL, NULL, NULL, NULL, NULL),
                                                                                                                                                                                                                                                                                                                                                                                                                           (133, 1, 89, 2.2, 3.6, 3.3, 4.2, NULL, NULL, NULL, NULL, NULL, NULL, NULL, NULL, NULL, NULL, NULL, NULL, NULL, NULL, NULL, NULL, NULL, NULL, NULL, NULL, NULL, NULL, NULL, NULL, NULL, NULL, NULL, NULL, NULL, NULL, NULL, NULL),
                                                                                                                                                                                                                                                                                                                                                                                                                           (134, 2, 90, 1.6, 2.6, NULL, NULL, NULL, NULL, NULL, NULL, NULL, NULL, NULL, NULL, NULL, NULL, NULL, NULL, NULL, NULL, NULL, NULL, NULL, NULL, NULL, NULL, NULL, NULL, NULL, NULL, NULL, NULL, NULL, NULL, NULL, NULL, NULL, NULL),
                                                                                                                                                                                                                                                                                                                                                                                                                           (135, 1, 90, 2.2, 3.6, 3.3, 4.2, NULL, NULL, NULL, NULL, NULL, NULL, NULL, NULL, NULL, NULL, NULL, NULL, NULL, NULL, NULL, NULL, NULL, NULL, NULL, NULL, NULL, NULL, NULL, NULL, NULL, NULL, NULL, NULL, NULL, NULL, NULL, NULL),
                                                                                                                                                                                                                                                                                                                                                                                                                           (136, 22, 91, 1.8, 3.68, 2.8, NULL, NULL, NULL, NULL, NULL, NULL, NULL, NULL, NULL, NULL, NULL, NULL, NULL, NULL, NULL, NULL, NULL, NULL, NULL, NULL, NULL, NULL, NULL, NULL, NULL, NULL, NULL, NULL, NULL, NULL, NULL, NULL, NULL),
                                                                                                                                                                                                                                                                                                                                                                                                                           (137, 23, 91, 8.5, 8, 7.25, 10.5, 9.51, 16, 18, 17, 28, 55, 38, 34, 50, 85, 200, 16, 7.25, 11, 36, 110, 25, 15, 26, 13, 50, 30, 29, 110, 65, 65, 75, 350, 180, 1870, 350, NULL),
                                                                                                                                                                                                                                                                                                                                                                                                                           (138, 22, 92, 1.8, NULL, 3.75, NULL, NULL, NULL, NULL, NULL, NULL, NULL, NULL, NULL, NULL, NULL, NULL, NULL, NULL, NULL, NULL, NULL, NULL, NULL, NULL, NULL, NULL, NULL, NULL, NULL, NULL, NULL, NULL, NULL, NULL, NULL, NULL, NULL),
                                                                                                                                                                                                                                                                                                                                                                                                                           (139, 23, 92, 8.5, 8, 7.25, 10.5, 9.51, 16, 18, 17, 28, 55, 38, 34, 50, 85, 200, 16, 7.25, 11, 36, 110, 25, 15, 26, 13, 50, 30, 29, 110, 65, 65, 75, 350, 180, 1870, 350, NULL),
                                                                                                                                                                                                                                                                                                                                                                                                                           (140, 12, 92, 1.5, 2.05, NULL, NULL, NULL, NULL, NULL, NULL, NULL, NULL, NULL, NULL, NULL, NULL, NULL, NULL, NULL, NULL, NULL, NULL, NULL, NULL, NULL, NULL, NULL, NULL, NULL, NULL, NULL, NULL, NULL, NULL, NULL, NULL, NULL, NULL),
                                                                                                                                                                                                                                                                                                                                                                                                                           (141, 2, 93, 1.45, 2.15, NULL, NULL, NULL, NULL, NULL, NULL, NULL, NULL, NULL, NULL, NULL, NULL, NULL, NULL, NULL, NULL, NULL, NULL, NULL, NULL, NULL, NULL, NULL, NULL, NULL, NULL, NULL, NULL, NULL, NULL, NULL, NULL, NULL, NULL),
                                                                                                                                                                                                                                                                                                                                                                                                                           (142, 1, 93, 2.2, 3.6, 3.3, 4.2, NULL, NULL, NULL, NULL, NULL, NULL, NULL, NULL, NULL, NULL, NULL, NULL, NULL, NULL, NULL, NULL, NULL, NULL, NULL, NULL, NULL, NULL, NULL, NULL, NULL, NULL, NULL, NULL, NULL, NULL, NULL, NULL),
                                                                                                                                                                                                                                                                                                                                                                                                                           (143, 6, 93, 1.5, 2.05, NULL, NULL, NULL, NULL, NULL, NULL, NULL, NULL, NULL, NULL, NULL, NULL, NULL, NULL, NULL, NULL, NULL, NULL, NULL, NULL, NULL, NULL, NULL, NULL, NULL, NULL, NULL, NULL, NULL, NULL, NULL, NULL, NULL, NULL),
                                                                                                                                                                                                                                                                                                                                                                                                                           (144, 19, 93, 1.45, 2.15, NULL, NULL, NULL, NULL, NULL, NULL, NULL, NULL, NULL, NULL, NULL, NULL, NULL, NULL, NULL, NULL, NULL, NULL, NULL, NULL, NULL, NULL, NULL, NULL, NULL, NULL, NULL, NULL, NULL, NULL, NULL, NULL, NULL, NULL),
                                                                                                                                                                                                                                                                                                                                                                                                                           (145, 3, 93, 48, 14, 8, 5.11, 4.91, 12, 6.25, 90, 30, 16, 7.75, 6.75, 17, 7.5, NULL, NULL, NULL, NULL, NULL, NULL, NULL, NULL, NULL, NULL, NULL, NULL, NULL, NULL, NULL, NULL, NULL, NULL, NULL, NULL, NULL, NULL),
                                                                                                                                                                                                                                                                                                                                                                                                                           (146, 2, 94, 1.58, 2.45, NULL, NULL, NULL, NULL, NULL, NULL, NULL, NULL, NULL, NULL, NULL, NULL, NULL, NULL, NULL, NULL, NULL, NULL, NULL, NULL, NULL, NULL, NULL, NULL, NULL, NULL, NULL, NULL, NULL, NULL, NULL, NULL, NULL, NULL),
                                                                                                                                                                                                                                                                                                                                                                                                                           (147, 1, 94, 2.2, 3.6, 3.3, 4.2, NULL, NULL, NULL, NULL, NULL, NULL, NULL, NULL, NULL, NULL, NULL, NULL, NULL, NULL, NULL, NULL, NULL, NULL, NULL, NULL, NULL, NULL, NULL, NULL, NULL, NULL, NULL, NULL, NULL, NULL, NULL, NULL),
                                                                                                                                                                                                                                                                                                                                                                                                                           (148, 6, 94, 1.5, 2.05, NULL, NULL, NULL, NULL, NULL, NULL, NULL, NULL, NULL, NULL, NULL, NULL, NULL, NULL, NULL, NULL, NULL, NULL, NULL, NULL, NULL, NULL, NULL, NULL, NULL, NULL, NULL, NULL, NULL, NULL, NULL, NULL, NULL, NULL),
                                                                                                                                                                                                                                                                                                                                                                                                                           (149, 19, 94, 1.45, 2.15, NULL, NULL, NULL, NULL, NULL, NULL, NULL, NULL, NULL, NULL, NULL, NULL, NULL, NULL, NULL, NULL, NULL, NULL, NULL, NULL, NULL, NULL, NULL, NULL, NULL, NULL, NULL, NULL, NULL, NULL, NULL, NULL, NULL, NULL),
                                                                                                                                                                                                                                                                                                                                                                                                                           (150, 3, 94, 48, 14, 8, 5.11, 4.91, 12, 6.25, 90, 30, 16, 7.75, 6.75, 17, 7.5, NULL, NULL, NULL, NULL, NULL, NULL, NULL, NULL, NULL, NULL, NULL, NULL, NULL, NULL, NULL, NULL, NULL, NULL, NULL, NULL, NULL, NULL),
                                                                                                                                                                                                                                                                                                                                                                                                                           (151, 2, 95, 1.16, 5.5, NULL, NULL, NULL, NULL, NULL, NULL, NULL, NULL, NULL, NULL, NULL, NULL, NULL, NULL, NULL, NULL, NULL, NULL, NULL, NULL, NULL, NULL, NULL, NULL, NULL, NULL, NULL, NULL, NULL, NULL, NULL, NULL, NULL, NULL),
                                                                                                                                                                                                                                                                                                                                                                                                                           (152, 1, 95, 2.2, 3.6, 3.3, 4.2, NULL, NULL, NULL, NULL, NULL, NULL, NULL, NULL, NULL, NULL, NULL, NULL, NULL, NULL, NULL, NULL, NULL, NULL, NULL, NULL, NULL, NULL, NULL, NULL, NULL, NULL, NULL, NULL, NULL, NULL, NULL, NULL),
                                                                                                                                                                                                                                                                                                                                                                                                                           (153, 6, 95, 1.5, 2.05, NULL, NULL, NULL, NULL, NULL, NULL, NULL, NULL, NULL, NULL, NULL, NULL, NULL, NULL, NULL, NULL, NULL, NULL, NULL, NULL, NULL, NULL, NULL, NULL, NULL, NULL, NULL, NULL, NULL, NULL, NULL, NULL, NULL, NULL),
                                                                                                                                                                                                                                                                                                                                                                                                                           (154, 19, 95, 1.45, 2.15, NULL, NULL, NULL, NULL, NULL, NULL, NULL, NULL, NULL, NULL, NULL, NULL, NULL, NULL, NULL, NULL, NULL, NULL, NULL, NULL, NULL, NULL, NULL, NULL, NULL, NULL, NULL, NULL, NULL, NULL, NULL, NULL, NULL, NULL),
                                                                                                                                                                                                                                                                                                                                                                                                                           (155, 3, 95, 48, 14, 8, 5.11, 4.91, 12, 6.25, 90, 30, 16, 7.75, 6.75, 17, 7.5, NULL, NULL, NULL, NULL, NULL, NULL, NULL, NULL, NULL, NULL, NULL, NULL, NULL, NULL, NULL, NULL, NULL, NULL, NULL, NULL, NULL, NULL),
                                                                                                                                                                                                                                                                                                                                                                                                                           (156, 2, 96, 1.7, 2.2, NULL, NULL, NULL, NULL, NULL, NULL, NULL, NULL, NULL, NULL, NULL, NULL, NULL, NULL, NULL, NULL, NULL, NULL, NULL, NULL, NULL, NULL, NULL, NULL, NULL, NULL, NULL, NULL, NULL, NULL, NULL, NULL, NULL, NULL),
                                                                                                                                                                                                                                                                                                                                                                                                                           (157, 1, 96, 2.2, 3.6, 3.3, 4.2, NULL, NULL, NULL, NULL, NULL, NULL, NULL, NULL, NULL, NULL, NULL, NULL, NULL, NULL, NULL, NULL, NULL, NULL, NULL, NULL, NULL, NULL, NULL, NULL, NULL, NULL, NULL, NULL, NULL, NULL, NULL, NULL),
                                                                                                                                                                                                                                                                                                                                                                                                                           (158, 6, 96, 1.5, 2.05, NULL, NULL, NULL, NULL, NULL, NULL, NULL, NULL, NULL, NULL, NULL, NULL, NULL, NULL, NULL, NULL, NULL, NULL, NULL, NULL, NULL, NULL, NULL, NULL, NULL, NULL, NULL, NULL, NULL, NULL, NULL, NULL, NULL, NULL),
                                                                                                                                                                                                                                                                                                                                                                                                                           (159, 19, 96, 1.45, 2.15, NULL, NULL, NULL, NULL, NULL, NULL, NULL, NULL, NULL, NULL, NULL, NULL, NULL, NULL, NULL, NULL, NULL, NULL, NULL, NULL, NULL, NULL, NULL, NULL, NULL, NULL, NULL, NULL, NULL, NULL, NULL, NULL, NULL, NULL),
                                                                                                                                                                                                                                                                                                                                                                                                                           (160, 3, 96, 48, 14, 8, 5.11, 4.91, 12, 6.25, 90, 30, 16, 7.75, 6.75, 17, 7.5, NULL, NULL, NULL, NULL, NULL, NULL, NULL, NULL, NULL, NULL, NULL, NULL, NULL, NULL, NULL, NULL, NULL, NULL, NULL, NULL, NULL, NULL),
                                                                                                                                                                                                                                                                                                                                                                                                                           (161, 16, 96, 2.5, 1.4, NULL, NULL, NULL, NULL, NULL, NULL, NULL, NULL, NULL, NULL, NULL, NULL, NULL, NULL, NULL, NULL, NULL, NULL, NULL, NULL, NULL, NULL, NULL, NULL, NULL, NULL, NULL, NULL, NULL, NULL, NULL, NULL, NULL, NULL),
                                                                                                                                                                                                                                                                                                                                                                                                                           (162, 2, 97, 1.23, 4.31, NULL, NULL, NULL, NULL, NULL, NULL, NULL, NULL, NULL, NULL, NULL, NULL, NULL, NULL, NULL, NULL, NULL, NULL, NULL, NULL, NULL, NULL, NULL, NULL, NULL, NULL, NULL, NULL, NULL, NULL, NULL, NULL, NULL, NULL),
                                                                                                                                                                                                                                                                                                                                                                                                                           (163, 1, 97, 2.2, 3.6, 3.3, 4.2, NULL, NULL, NULL, NULL, NULL, NULL, NULL, NULL, NULL, NULL, NULL, NULL, NULL, NULL, NULL, NULL, NULL, NULL, NULL, NULL, NULL, NULL, NULL, NULL, NULL, NULL, NULL, NULL, NULL, NULL, NULL, NULL),
                                                                                                                                                                                                                                                                                                                                                                                                                           (164, 6, 97, 1.5, 2.05, NULL, NULL, NULL, NULL, NULL, NULL, NULL, NULL, NULL, NULL, NULL, NULL, NULL, NULL, NULL, NULL, NULL, NULL, NULL, NULL, NULL, NULL, NULL, NULL, NULL, NULL, NULL, NULL, NULL, NULL, NULL, NULL, NULL, NULL),
                                                                                                                                                                                                                                                                                                                                                                                                                           (165, 19, 97, 1.45, 2.15, NULL, NULL, NULL, NULL, NULL, NULL, NULL, NULL, NULL, NULL, NULL, NULL, NULL, NULL, NULL, NULL, NULL, NULL, NULL, NULL, NULL, NULL, NULL, NULL, NULL, NULL, NULL, NULL, NULL, NULL, NULL, NULL, NULL, NULL),
                                                                                                                                                                                                                                                                                                                                                                                                                           (166, 3, 97, 48, 14, 8, 5.11, 4.91, 12, 6.25, 90, 30, 16, 7.75, 6.75, 17, 7.5, NULL, NULL, NULL, NULL, NULL, NULL, NULL, NULL, NULL, NULL, NULL, NULL, NULL, NULL, NULL, NULL, NULL, NULL, NULL, NULL, NULL, NULL),
                                                                                                                                                                                                                                                                                                                                                                                                                           (167, 24, 91, 1, 2, 3, 4, 5, 6, 7, 8, 10, 11, 12, NULL, NULL, NULL, NULL, NULL, NULL, NULL, NULL, NULL, NULL, NULL, NULL, NULL, NULL, NULL, NULL, NULL, NULL, NULL, NULL, NULL, NULL, NULL, NULL, NULL),
                                                                                                                                                                                                                                                                                                                                                                                                                           (168, 22, 98, 1.68, 4.35, 4.91, NULL, NULL, NULL, NULL, NULL, NULL, NULL, NULL, NULL, NULL, NULL, NULL, NULL, NULL, NULL, NULL, NULL, NULL, NULL, NULL, NULL, NULL, NULL, NULL, NULL, NULL, NULL, NULL, NULL, NULL, NULL, NULL, NULL),
                                                                                                                                                                                                                                                                                                                                                                                                                           (169, 23, 98, 8.5, 8, 7.25, 10.5, 9.51, 16, 18, 17, 28, 55, 38, 34, 50, 85, 200, 16, 7.25, 11, 36, 110, 25, 15, 26, 13, 50, 30, 29, 110, 65, 65, 75, 350, 180, 1870, 350, NULL),
                                                                                                                                                                                                                                                                                                                                                                                                                           (170, 24, 98, 3.75, 9, 13.5, 80, 3.95, 8.5, 8, 17, 20, 65, 3.65, NULL, NULL, NULL, NULL, NULL, NULL, NULL, NULL, NULL, NULL, NULL, NULL, NULL, NULL, NULL, NULL, NULL, NULL, NULL, NULL, NULL, NULL, NULL, NULL, NULL),
                                                                                                                                                                                                                                                                                                                                                                                                                           (171, 22, 99, 1.5, 4.9, 6.5, NULL, NULL, NULL, NULL, NULL, NULL, NULL, NULL, NULL, NULL, NULL, NULL, NULL, NULL, NULL, NULL, NULL, NULL, NULL, NULL, NULL, NULL, NULL, NULL, NULL, NULL, NULL, NULL, NULL, NULL, NULL, NULL, NULL),
                                                                                                                                                                                                                                                                                                                                                                                                                           (172, 23, 99, 8.5, 8, 7.25, 10.5, 9.51, 16, 18, 17, 28, 55, 38, 34, 50, 85, 200, 16, 7.25, 11, 36, 110, 25, 15, 26, 13, 50, 30, 29, 110, 65, 65, 75, 350, 180, 1870, 350, NULL),
                                                                                                                                                                                                                                                                                                                                                                                                                           (173, 24, 99, 3.75, 9, 13.5, 80, 3.95, 8.5, 8, 17, 20, 3.65, NULL, NULL, NULL, NULL, NULL, NULL, NULL, NULL, NULL, NULL, NULL, NULL, NULL, NULL, NULL, NULL, NULL, NULL, NULL, NULL, NULL, NULL, NULL, NULL, NULL, NULL),
                                                                                                                                                                                                                                                                                                                                                                                                                           (174, 22, 100, 2.41, 3.11, 3.41, NULL, NULL, NULL, NULL, NULL, NULL, NULL, NULL, NULL, NULL, NULL, NULL, NULL, NULL, NULL, NULL, NULL, NULL, NULL, NULL, NULL, NULL, NULL, NULL, NULL, NULL, NULL, NULL, NULL, NULL, NULL, NULL, NULL),
                                                                                                                                                                                                                                                                                                                                                                                                                           (175, 23, 100, 8.5, 8, 7.25, 10.5, 9.51, 16, 18, 17, 28, 55, 38, 34, 50, 85, 200, 16, 7.25, 11, 36, 110, 25, 15, 26, 13, 50, 30, 29, 110, 65, 65, 75, 350, 180, 1870, 350, NULL),
                                                                                                                                                                                                                                                                                                                                                                                                                           (176, 24, 100, 3.75, 9, 13.5, 80, 3.95, 8.5, 8, 17, 20, 3.65, NULL, NULL, NULL, NULL, NULL, NULL, NULL, NULL, NULL, NULL, NULL, NULL, NULL, NULL, NULL, NULL, NULL, NULL, NULL, NULL, NULL, NULL, NULL, NULL, NULL, NULL),
                                                                                                                                                                                                                                                                                                                                                                                                                           (177, 22, 101, 2.11, 3.71, 3.51, NULL, NULL, NULL, NULL, NULL, NULL, NULL, NULL, NULL, NULL, NULL, NULL, NULL, NULL, NULL, NULL, NULL, NULL, NULL, NULL, NULL, NULL, NULL, NULL, NULL, NULL, NULL, NULL, NULL, NULL, NULL, NULL, NULL),
                                                                                                                                                                                                                                                                                                                                                                                                                           (178, 23, 101, 8.5, 8, 7.25, 10.5, 9.51, 16, 18, 17, 28, 55, 38, 34, 50, 85, 200, 16, 7.25, 11, 36, 110, 25, 15, 26, 13, 50, 30, 29, 110, 65, 65, 75, 350, 180, 1870, 350, NULL),
                                                                                                                                                                                                                                                                                                                                                                                                                           (179, 24, 101, 3.75, 9, 13.5, 80, 3.95, 8.5, 8, 17, 20, 3.65, NULL, NULL, NULL, NULL, NULL, NULL, NULL, NULL, NULL, NULL, NULL, NULL, NULL, NULL, NULL, NULL, NULL, NULL, NULL, NULL, NULL, NULL, NULL, NULL, NULL, NULL),
                                                                                                                                                                                                                                                                                                                                                                                                                           (180, 22, 102, 2.41, 3.31, 3.25, NULL, NULL, NULL, NULL, NULL, NULL, NULL, NULL, NULL, NULL, NULL, NULL, NULL, NULL, NULL, NULL, NULL, NULL, NULL, NULL, NULL, NULL, NULL, NULL, NULL, NULL, NULL, NULL, NULL, NULL, NULL, NULL, NULL),
                                                                                                                                                                                                                                                                                                                                                                                                                           (181, 23, 102, 8.5, 8, 7.25, 10.5, 9.51, 16, 18, 17, 28, 55, 38, 34, 50, 85, 200, 16, 7.25, 11, 36, 110, 25, 15, 26, 13, 50, 30, 29, 110, 65, 65, 75, 350, 180, 1870, 350, NULL),
                                                                                                                                                                                                                                                                                                                                                                                                                           (182, 24, 102, 3.75, 9, 13.5, 80, 3.95, 8.5, 8, 17, 20, 65, 3.65, NULL, NULL, NULL, NULL, NULL, NULL, NULL, NULL, NULL, NULL, NULL, NULL, NULL, NULL, NULL, NULL, NULL, NULL, NULL, NULL, NULL, NULL, NULL, NULL, NULL),
                                                                                                                                                                                                                                                                                                                                                                                                                           (183, 22, 103, 1.08, 13, 40, NULL, NULL, NULL, NULL, NULL, NULL, NULL, NULL, NULL, NULL, NULL, NULL, NULL, NULL, NULL, NULL, NULL, NULL, NULL, NULL, NULL, NULL, NULL, NULL, NULL, NULL, NULL, NULL, NULL, NULL, NULL, NULL, NULL),
                                                                                                                                                                                                                                                                                                                                                                                                                           (184, 23, 103, 8.5, 8, 7.25, 10.5, 9.51, 16, 18, 17, 28, 55, 38, 34, 50, 85, 200, 16, 7.25, 11, 36, 110, 25, 15, 26, 13, 50, 30, 29, 110, 65, 65, 75, 350, 180, 1870, 350, NULL),
                                                                                                                                                                                                                                                                                                                                                                                                                           (185, 24, 103, 3.75, 9, 13.5, 80, 3.95, 8.5, 8, 17, 20, 65, 3.65, NULL, NULL, NULL, NULL, NULL, NULL, NULL, NULL, NULL, NULL, NULL, NULL, NULL, NULL, NULL, NULL, NULL, NULL, NULL, NULL, NULL, NULL, NULL, NULL, NULL),
                                                                                                                                                                                                                                                                                                                                                                                                                           (186, 2, 104, 1.42, 2.95, NULL, NULL, NULL, NULL, NULL, NULL, NULL, NULL, NULL, NULL, NULL, NULL, NULL, NULL, NULL, NULL, NULL, NULL, NULL, NULL, NULL, NULL, NULL, NULL, NULL, NULL, NULL, NULL, NULL, NULL, NULL, NULL, NULL, NULL),
                                                                                                                                                                                                                                                                                                                                                                                                                           (187, 1, 104, 2.2, 3.6, 3.3, 4.2, NULL, NULL, NULL, NULL, NULL, NULL, NULL, NULL, NULL, NULL, NULL, NULL, NULL, NULL, NULL, NULL, NULL, NULL, NULL, NULL, NULL, NULL, NULL, NULL, NULL, NULL, NULL, NULL, NULL, NULL, NULL, NULL),
                                                                                                                                                                                                                                                                                                                                                                                                                           (188, 6, 104, 1.5, 2.05, NULL, NULL, NULL, NULL, NULL, NULL, NULL, NULL, NULL, NULL, NULL, NULL, NULL, NULL, NULL, NULL, NULL, NULL, NULL, NULL, NULL, NULL, NULL, NULL, NULL, NULL, NULL, NULL, NULL, NULL, NULL, NULL, NULL, NULL),
                                                                                                                                                                                                                                                                                                                                                                                                                           (189, 19, 104, 1.45, 2.15, NULL, NULL, NULL, NULL, NULL, NULL, NULL, NULL, NULL, NULL, NULL, NULL, NULL, NULL, NULL, NULL, NULL, NULL, NULL, NULL, NULL, NULL, NULL, NULL, NULL, NULL, NULL, NULL, NULL, NULL, NULL, NULL, NULL, NULL),
                                                                                                                                                                                                                                                                                                                                                                                                                           (190, 3, 104, 48, 14, 8, 5.11, 4.91, 12, 6.25, 90, 30, 16, 7.75, 6.75, 17, 7.5, NULL, NULL, NULL, NULL, NULL, NULL, NULL, NULL, NULL, NULL, NULL, NULL, NULL, NULL, NULL, NULL, NULL, NULL, NULL, NULL, NULL, NULL),
                                                                                                                                                                                                                                                                                                                                                                                                                           (191, 2, 105, 1.22, 4.41, NULL, NULL, NULL, NULL, NULL, NULL, NULL, NULL, NULL, NULL, NULL, NULL, NULL, NULL, NULL, NULL, NULL, NULL, NULL, NULL, NULL, NULL, NULL, NULL, NULL, NULL, NULL, NULL, NULL, NULL, NULL, NULL, NULL, NULL),
                                                                                                                                                                                                                                                                                                                                                                                                                           (192, 1, 105, 2.2, 3.6, 3.3, 4.2, NULL, NULL, NULL, NULL, NULL, NULL, NULL, NULL, NULL, NULL, NULL, NULL, NULL, NULL, NULL, NULL, NULL, NULL, NULL, NULL, NULL, NULL, NULL, NULL, NULL, NULL, NULL, NULL, NULL, NULL, NULL, NULL),
                                                                                                                                                                                                                                                                                                                                                                                                                           (193, 6, 105, 1.5, 2.05, NULL, NULL, NULL, NULL, NULL, NULL, NULL, NULL, NULL, NULL, NULL, NULL, NULL, NULL, NULL, NULL, NULL, NULL, NULL, NULL, NULL, NULL, NULL, NULL, NULL, NULL, NULL, NULL, NULL, NULL, NULL, NULL, NULL, NULL),
                                                                                                                                                                                                                                                                                                                                                                                                                           (194, 19, 105, 1.45, 2.15, NULL, NULL, NULL, NULL, NULL, NULL, NULL, NULL, NULL, NULL, NULL, NULL, NULL, NULL, NULL, NULL, NULL, NULL, NULL, NULL, NULL, NULL, NULL, NULL, NULL, NULL, NULL, NULL, NULL, NULL, NULL, NULL, NULL, NULL),
                                                                                                                                                                                                                                                                                                                                                                                                                           (195, 3, 105, 48, 14, 8, 5.11, 4.91, 12, 6.25, 90, 30, 16, 7.75, 6.75, 17, 7.5, NULL, NULL, NULL, NULL, NULL, NULL, NULL, NULL, NULL, NULL, NULL, NULL, NULL, NULL, NULL, NULL, NULL, NULL, NULL, NULL, NULL, NULL),
                                                                                                                                                                                                                                                                                                                                                                                                                           (196, 2, 106, 1.58, 2.41, NULL, NULL, NULL, NULL, NULL, NULL, NULL, NULL, NULL, NULL, NULL, NULL, NULL, NULL, NULL, NULL, NULL, NULL, NULL, NULL, NULL, NULL, NULL, NULL, NULL, NULL, NULL, NULL, NULL, NULL, NULL, NULL, NULL, NULL),
                                                                                                                                                                                                                                                                                                                                                                                                                           (197, 1, 106, 2.2, 3.6, 3.3, 4.2, NULL, NULL, NULL, NULL, NULL, NULL, NULL, NULL, NULL, NULL, NULL, NULL, NULL, NULL, NULL, NULL, NULL, NULL, NULL, NULL, NULL, NULL, NULL, NULL, NULL, NULL, NULL, NULL, NULL, NULL, NULL, NULL),
                                                                                                                                                                                                                                                                                                                                                                                                                           (198, 6, 106, 1.5, 2.05, NULL, NULL, NULL, NULL, NULL, NULL, NULL, NULL, NULL, NULL, NULL, NULL, NULL, NULL, NULL, NULL, NULL, NULL, NULL, NULL, NULL, NULL, NULL, NULL, NULL, NULL, NULL, NULL, NULL, NULL, NULL, NULL, NULL, NULL),
                                                                                                                                                                                                                                                                                                                                                                                                                           (199, 19, 106, 1.45, 2.15, NULL, NULL, NULL, NULL, NULL, NULL, NULL, NULL, NULL, NULL, NULL, NULL, NULL, NULL, NULL, NULL, NULL, NULL, NULL, NULL, NULL, NULL, NULL, NULL, NULL, NULL, NULL, NULL, NULL, NULL, NULL, NULL, NULL, NULL),
                                                                                                                                                                                                                                                                                                                                                                                                                           (200, 3, 106, 48, 14, 8, 5.11, 4.91, 12, 6.25, 90, 30, 16, 7.75, 6.75, 17, 7.5, NULL, NULL, NULL, NULL, NULL, NULL, NULL, NULL, NULL, NULL, NULL, NULL, NULL, NULL, NULL, NULL, NULL, NULL, NULL, NULL, NULL, NULL),
                                                                                                                                                                                                                                                                                                                                                                                                                           (201, 22, 107, 1.95, 3.92, 3.72, NULL, NULL, NULL, NULL, NULL, NULL, NULL, NULL, NULL, NULL, NULL, NULL, NULL, NULL, NULL, NULL, NULL, NULL, NULL, NULL, NULL, NULL, NULL, NULL, NULL, NULL, NULL, NULL, NULL, NULL, NULL, NULL, NULL),
                                                                                                                                                                                                                                                                                                                                                                                                                           (202, 23, 107, 8.5, 8, 7.25, 10.5, 9.51, 16, 18, 17, 28, 55, 38, 34, 50, 85, 200, 16, 7.25, 11, 36, 110, 25, 15, 26, 13, 50, 30, 29, 110, 65, 65, 75, 350, 180, 1870, 350, NULL),
                                                                                                                                                                                                                                                                                                                                                                                                                           (203, 24, 107, 3.75, 9, 13.5, 80, 3.95, 8.5, 8, 17, 20, 65, 3.65, NULL, NULL, NULL, NULL, NULL, NULL, NULL, NULL, NULL, NULL, NULL, NULL, NULL, NULL, NULL, NULL, NULL, NULL, NULL, NULL, NULL, NULL, NULL, NULL, NULL),
                                                                                                                                                                                                                                                                                                                                                                                                                           (204, 22, 108, 1.85, 3.68, 3.68, NULL, NULL, NULL, NULL, NULL, NULL, NULL, NULL, NULL, NULL, NULL, NULL, NULL, NULL, NULL, NULL, NULL, NULL, NULL, NULL, NULL, NULL, NULL, NULL, NULL, NULL, NULL, NULL, NULL, NULL, NULL, NULL, NULL),
                                                                                                                                                                                                                                                                                                                                                                                                                           (205, 23, 108, 8.5, 8, 7.25, 10.5, 9.51, 16, 18, 17, 28, 55, 38, 34, 50, 85, 200, 16, 7.25, 11, 36, 110, 25, 15, 26, 13, 50, 30, 29, 110, 65, 65, 75, 350, 180, 1870, 350, NULL),
                                                                                                                                                                                                                                                                                                                                                                                                                           (206, 24, 108, 3.75, 9, 13.5, 80, 3.95, 8.5, 8, 17, 20, 65, 3.65, NULL, NULL, NULL, NULL, NULL, NULL, NULL, NULL, NULL, NULL, NULL, NULL, NULL, NULL, NULL, NULL, NULL, NULL, NULL, NULL, NULL, NULL, NULL, NULL, NULL),
                                                                                                                                                                                                                                                                                                                                                                                                                           (207, 22, 109, 2.41, 3.31, 2.81, NULL, NULL, NULL, NULL, NULL, NULL, NULL, NULL, NULL, NULL, NULL, NULL, NULL, NULL, NULL, NULL, NULL, NULL, NULL, NULL, NULL, NULL, NULL, NULL, NULL, NULL, NULL, NULL, NULL, NULL, NULL, NULL, NULL),
                                                                                                                                                                                                                                                                                                                                                                                                                           (208, 23, 109, 8.5, 8, 7.25, 10.5, 9.51, 16, 18, 17, 28, 55, 38, 34, 50, 85, 200, 16, 7.25, 11, 36, 110, 25, 15, 26, 13, 50, 30, 29, 110, 65, 65, 75, 350, 180, 1870, 350, NULL),
                                                                                                                                                                                                                                                                                                                                                                                                                           (209, 24, 109, 3.75, 9, 13.5, 80, 3.95, 8.5, 8, 17, 20, 65, 3.65, NULL, NULL, NULL, NULL, NULL, NULL, NULL, NULL, NULL, NULL, NULL, NULL, NULL, NULL, NULL, NULL, NULL, NULL, NULL, NULL, NULL, NULL, NULL, NULL, NULL),
                                                                                                                                                                                                                                                                                                                                                                                                                           (210, 22, 110, 1.91, 3.71, 3.91, NULL, NULL, NULL, NULL, NULL, NULL, NULL, NULL, NULL, NULL, NULL, NULL, NULL, NULL, NULL, NULL, NULL, NULL, NULL, NULL, NULL, NULL, NULL, NULL, NULL, NULL, NULL, NULL, NULL, NULL, NULL, NULL, NULL),
                                                                                                                                                                                                                                                                                                                                                                                                                           (211, 23, 110, 8.5, 8, 7.25, 10.5, 9.51, 16, 18, 17, 28, 55, 38, 34, 50, 85, 200, 16, 7.25, 11, 36, 110, 25, 15, 26, 13, 50, 30, 29, 110, 65, 65, 75, 350, 180, 1870, 350, NULL),
                                                                                                                                                                                                                                                                                                                                                                                                                           (212, 24, 110, 3.75, 9, 13.5, 80, 3.95, 8.5, 8, 17, 20, 65, 3.65, NULL, NULL, NULL, NULL, NULL, NULL, NULL, NULL, NULL, NULL, NULL, NULL, NULL, NULL, NULL, NULL, NULL, NULL, NULL, NULL, NULL, NULL, NULL, NULL, NULL),
                                                                                                                                                                                                                                                                                                                                                                                                                           (213, 22, 111, 1.35, 5.11, 6.55, NULL, NULL, NULL, NULL, NULL, NULL, NULL, NULL, NULL, NULL, NULL, NULL, NULL, NULL, NULL, NULL, NULL, NULL, NULL, NULL, NULL, NULL, NULL, NULL, NULL, NULL, NULL, NULL, NULL, NULL, NULL, NULL, NULL),
                                                                                                                                                                                                                                                                                                                                                                                                                           (214, 23, 111, 8.5, 8, 7.25, 10.5, 9.51, 16, 18, 17, 28, 55, 38, 34, 50, 85, 200, 16, 7.25, 11, 36, 110, 25, 15, 26, 13, 50, 30, 29, 110, 65, 65, 75, 350, 180, 1870, 350, NULL),
                                                                                                                                                                                                                                                                                                                                                                                                                           (215, 24, 111, 3.75, 9, 13.5, 80, 3.95, 8.5, 8, 17, 20, 65, 3.65, NULL, NULL, NULL, NULL, NULL, NULL, NULL, NULL, NULL, NULL, NULL, NULL, NULL, NULL, NULL, NULL, NULL, NULL, NULL, NULL, NULL, NULL, NULL, NULL, NULL),
                                                                                                                                                                                                                                                                                                                                                                                                                           (216, 2, 112, 1.25, 3.85, NULL, NULL, NULL, NULL, NULL, NULL, NULL, NULL, NULL, NULL, NULL, NULL, NULL, NULL, NULL, NULL, NULL, NULL, NULL, NULL, NULL, NULL, NULL, NULL, NULL, NULL, NULL, NULL, NULL, NULL, NULL, NULL, NULL, NULL),
                                                                                                                                                                                                                                                                                                                                                                                                                           (217, 1, 112, 2.2, 3.6, 3.3, 4.2, NULL, NULL, NULL, NULL, NULL, NULL, NULL, NULL, NULL, NULL, NULL, NULL, NULL, NULL, NULL, NULL, NULL, NULL, NULL, NULL, NULL, NULL, NULL, NULL, NULL, NULL, NULL, NULL, NULL, NULL, NULL, NULL),
                                                                                                                                                                                                                                                                                                                                                                                                                           (218, 6, 112, 1.5, 2.05, NULL, NULL, NULL, NULL, NULL, NULL, NULL, NULL, NULL, NULL, NULL, NULL, NULL, NULL, NULL, NULL, NULL, NULL, NULL, NULL, NULL, NULL, NULL, NULL, NULL, NULL, NULL, NULL, NULL, NULL, NULL, NULL, NULL, NULL),
                                                                                                                                                                                                                                                                                                                                                                                                                           (219, 19, 112, 1.45, 2.15, NULL, NULL, NULL, NULL, NULL, NULL, NULL, NULL, NULL, NULL, NULL, NULL, NULL, NULL, NULL, NULL, NULL, NULL, NULL, NULL, NULL, NULL, NULL, NULL, NULL, NULL, NULL, NULL, NULL, NULL, NULL, NULL, NULL, NULL),
                                                                                                                                                                                                                                                                                                                                                                                                                           (220, 3, 112, 48, 14, 8, 5.11, 4.91, 12, 6.25, 90, 30, 16, 7.75, 6.75, 17, 7.5, NULL, NULL, NULL, NULL, NULL, NULL, NULL, NULL, NULL, NULL, NULL, NULL, NULL, NULL, NULL, NULL, NULL, NULL, NULL, NULL, NULL, NULL),
                                                                                                                                                                                                                                                                                                                                                                                                                           (221, 25, 113, 4.41, 3.75, 6.01, 7.25, 11.01, 12.01, 6.25, 7.51, 13.01, 23.01, 46.01, 60.01, NULL, NULL, NULL, NULL, NULL, NULL, NULL, NULL, NULL, NULL, NULL, NULL, NULL, NULL, NULL, NULL, NULL, NULL, NULL, NULL, NULL, NULL, NULL, NULL),
                                                                                                                                                                                                                                                                                                                                                                                                                           (222, NULL, NULL, NULL, NULL, NULL, NULL, NULL, NULL, NULL, NULL, NULL, NULL, NULL, NULL, NULL, NULL, NULL, NULL, NULL, NULL, NULL, NULL, NULL, NULL, NULL, NULL, NULL, NULL, NULL, NULL, NULL, NULL, NULL, NULL, NULL, NULL, NULL, NULL),
                                                                                                                                                                                                                                                                                                                                                                                                                           (223, 25, 114, 4.41, 3.75, 6.01, 7.25, 11.01, 12.01, 6.25, 7.51, 13.01, 23.01, 46.01, 60.01, NULL, NULL, NULL, NULL, NULL, NULL, NULL, NULL, NULL, NULL, NULL, NULL, NULL, NULL, NULL, NULL, NULL, NULL, NULL, NULL, NULL, NULL, NULL, NULL),
                                                                                                                                                                                                                                                                                                                                                                                                                           (224, NULL, NULL, NULL, NULL, NULL, NULL, NULL, NULL, NULL, NULL, NULL, NULL, NULL, NULL, NULL, NULL, NULL, NULL, NULL, NULL, NULL, NULL, NULL, NULL, NULL, NULL, NULL, NULL, NULL, NULL, NULL, NULL, NULL, NULL, NULL, NULL, NULL, NULL),
                                                                                                                                                                                                                                                                                                                                                                                                                           (225, 25, 115, 4.41, 3.75, 6.01, 7.25, 11.01, 12.01, 6.25, 7.51, 13.01, 23.01, 46.01, 60.01, NULL, NULL, NULL, NULL, NULL, NULL, NULL, NULL, NULL, NULL, NULL, NULL, NULL, NULL, NULL, NULL, NULL, NULL, NULL, NULL, NULL, NULL, NULL, NULL),
                                                                                                                                                                                                                                                                                                                                                                                                                           (226, NULL, NULL, NULL, NULL, NULL, NULL, NULL, NULL, NULL, NULL, NULL, NULL, NULL, NULL, NULL, NULL, NULL, NULL, NULL, NULL, NULL, NULL, NULL, NULL, NULL, NULL, NULL, NULL, NULL, NULL, NULL, NULL, NULL, NULL, NULL, NULL, NULL, NULL),
                                                                                                                                                                                                                                                                                                                                                                                                                           (227, 25, 116, 4.41, 3.75, 6.01, 7.25, 11.01, 12.01, 6.25, 7.51, 13.01, 23.01, 46.01, 60.01, NULL, NULL, NULL, NULL, NULL, NULL, NULL, NULL, NULL, NULL, NULL, NULL, NULL, NULL, NULL, NULL, NULL, NULL, NULL, NULL, NULL, NULL, NULL, NULL),
                                                                                                                                                                                                                                                                                                                                                                                                                           (228, NULL, NULL, NULL, NULL, NULL, NULL, NULL, NULL, NULL, NULL, NULL, NULL, NULL, NULL, NULL, NULL, NULL, NULL, NULL, NULL, NULL, NULL, NULL, NULL, NULL, NULL, NULL, NULL, NULL, NULL, NULL, NULL, NULL, NULL, NULL, NULL, NULL, NULL),
                                                                                                                                                                                                                                                                                                                                                                                                                           (229, 25, 117, 4.41, 3.75, 6.01, 7.25, 11.01, 12.01, 6.25, 7.51, 13.01, 23.01, 46.01, 60.01, NULL, NULL, NULL, NULL, NULL, NULL, NULL, NULL, NULL, NULL, NULL, NULL, NULL, NULL, NULL, NULL, NULL, NULL, NULL, NULL, NULL, NULL, NULL, NULL),
                                                                                                                                                                                                                                                                                                                                                                                                                           (230, NULL, NULL, NULL, NULL, NULL, NULL, NULL, NULL, NULL, NULL, NULL, NULL, NULL, NULL, NULL, NULL, NULL, NULL, NULL, NULL, NULL, NULL, NULL, NULL, NULL, NULL, NULL, NULL, NULL, NULL, NULL, NULL, NULL, NULL, NULL, NULL, NULL, NULL),
                                                                                                                                                                                                                                                                                                                                                                                                                           (231, 2, 118, 1.54, 2.61, NULL, NULL, NULL, NULL, NULL, NULL, NULL, NULL, NULL, NULL, NULL, NULL, NULL, NULL, NULL, NULL, NULL, NULL, NULL, NULL, NULL, NULL, NULL, NULL, NULL, NULL, NULL, NULL, NULL, NULL, NULL, NULL, NULL, NULL);
INSERT INTO `bet` (`id`, `TypedePari_id`, `affiche_id`, `cote1`, `cote2`, `cote3`, `cote4`, `cote5`, `cote6`, `cote7`, `cote8`, `cote9`, `cote10`, `cote11`, `cote12`, `cote13`, `cote14`, `cote15`, `cote16`, `cote17`, `cote18`, `cote19`, `cote20`, `cote21`, `cote22`, `cote23`, `cote24`, `cote25`, `cote26`, `cote27`, `cote28`, `cote29`, `cote30`, `cote31`, `cote32`, `cote33`, `cote34`, `cote35`, `cote36`) VALUES
                                                                                                                                                                                                                                                                                                                                                                                                                           (232, 1, 118, 2.2, 3.6, 3.3, 4.2, NULL, NULL, NULL, NULL, NULL, NULL, NULL, NULL, NULL, NULL, NULL, NULL, NULL, NULL, NULL, NULL, NULL, NULL, NULL, NULL, NULL, NULL, NULL, NULL, NULL, NULL, NULL, NULL, NULL, NULL, NULL, NULL),
                                                                                                                                                                                                                                                                                                                                                                                                                           (233, 6, 118, 1.5, 2.05, NULL, NULL, NULL, NULL, NULL, NULL, NULL, NULL, NULL, NULL, NULL, NULL, NULL, NULL, NULL, NULL, NULL, NULL, NULL, NULL, NULL, NULL, NULL, NULL, NULL, NULL, NULL, NULL, NULL, NULL, NULL, NULL, NULL, NULL),
                                                                                                                                                                                                                                                                                                                                                                                                                           (234, 19, 118, 1.45, 2.15, NULL, NULL, NULL, NULL, NULL, NULL, NULL, NULL, NULL, NULL, NULL, NULL, NULL, NULL, NULL, NULL, NULL, NULL, NULL, NULL, NULL, NULL, NULL, NULL, NULL, NULL, NULL, NULL, NULL, NULL, NULL, NULL, NULL, NULL),
                                                                                                                                                                                                                                                                                                                                                                                                                           (235, 3, 118, 48, 14, 8, 5.11, 4.91, 12, 6.25, 90, 30, 16, 7.75, 6.75, 17, 7.5, NULL, NULL, NULL, NULL, NULL, NULL, NULL, NULL, NULL, NULL, NULL, NULL, NULL, NULL, NULL, NULL, NULL, NULL, NULL, NULL, NULL, NULL),
                                                                                                                                                                                                                                                                                                                                                                                                                           (236, 2, 119, 1.56, 2.51, NULL, NULL, NULL, NULL, NULL, NULL, NULL, NULL, NULL, NULL, NULL, NULL, NULL, NULL, NULL, NULL, NULL, NULL, NULL, NULL, NULL, NULL, NULL, NULL, NULL, NULL, NULL, NULL, NULL, NULL, NULL, NULL, NULL, NULL),
                                                                                                                                                                                                                                                                                                                                                                                                                           (237, 1, 119, 2.2, 3.6, 3.3, 4.2, NULL, NULL, NULL, NULL, NULL, NULL, NULL, NULL, NULL, NULL, NULL, NULL, NULL, NULL, NULL, NULL, NULL, NULL, NULL, NULL, NULL, NULL, NULL, NULL, NULL, NULL, NULL, NULL, NULL, NULL, NULL, NULL),
                                                                                                                                                                                                                                                                                                                                                                                                                           (238, 6, 119, 1.5, 2.05, NULL, NULL, NULL, NULL, NULL, NULL, NULL, NULL, NULL, NULL, NULL, NULL, NULL, NULL, NULL, NULL, NULL, NULL, NULL, NULL, NULL, NULL, NULL, NULL, NULL, NULL, NULL, NULL, NULL, NULL, NULL, NULL, NULL, NULL),
                                                                                                                                                                                                                                                                                                                                                                                                                           (239, 19, 119, 1.45, 2.15, NULL, NULL, NULL, NULL, NULL, NULL, NULL, NULL, NULL, NULL, NULL, NULL, NULL, NULL, NULL, NULL, NULL, NULL, NULL, NULL, NULL, NULL, NULL, NULL, NULL, NULL, NULL, NULL, NULL, NULL, NULL, NULL, NULL, NULL),
                                                                                                                                                                                                                                                                                                                                                                                                                           (240, 3, 119, 48, 14, 8, 5.11, 4.91, 12, 6.25, 90, 30, 16, 7.75, 6.75, 17, 7.5, NULL, NULL, NULL, NULL, NULL, NULL, NULL, NULL, NULL, NULL, NULL, NULL, NULL, NULL, NULL, NULL, NULL, NULL, NULL, NULL, NULL, NULL),
                                                                                                                                                                                                                                                                                                                                                                                                                           (241, 2, 120, 1.42, 3.01, NULL, NULL, NULL, NULL, NULL, NULL, NULL, NULL, NULL, NULL, NULL, NULL, NULL, NULL, NULL, NULL, NULL, NULL, NULL, NULL, NULL, NULL, NULL, NULL, NULL, NULL, NULL, NULL, NULL, NULL, NULL, NULL, NULL, NULL),
                                                                                                                                                                                                                                                                                                                                                                                                                           (242, 1, 120, 2.2, 3.6, 3.3, 4.2, NULL, NULL, NULL, NULL, NULL, NULL, NULL, NULL, NULL, NULL, NULL, NULL, NULL, NULL, NULL, NULL, NULL, NULL, NULL, NULL, NULL, NULL, NULL, NULL, NULL, NULL, NULL, NULL, NULL, NULL, NULL, NULL),
                                                                                                                                                                                                                                                                                                                                                                                                                           (243, 6, 120, 1.5, 2.05, NULL, NULL, NULL, NULL, NULL, NULL, NULL, NULL, NULL, NULL, NULL, NULL, NULL, NULL, NULL, NULL, NULL, NULL, NULL, NULL, NULL, NULL, NULL, NULL, NULL, NULL, NULL, NULL, NULL, NULL, NULL, NULL, NULL, NULL),
                                                                                                                                                                                                                                                                                                                                                                                                                           (244, 19, 120, 1.45, 2.15, NULL, NULL, NULL, NULL, NULL, NULL, NULL, NULL, NULL, NULL, NULL, NULL, NULL, NULL, NULL, NULL, NULL, NULL, NULL, NULL, NULL, NULL, NULL, NULL, NULL, NULL, NULL, NULL, NULL, NULL, NULL, NULL, NULL, NULL),
                                                                                                                                                                                                                                                                                                                                                                                                                           (245, 3, 120, 48, 14, 8, 5.11, 4.91, 12, 6.25, 90, 30, 16, 7.75, 6.75, 17, 7.5, NULL, NULL, NULL, NULL, NULL, NULL, NULL, NULL, NULL, NULL, NULL, NULL, NULL, NULL, NULL, NULL, NULL, NULL, NULL, NULL, NULL, NULL),
                                                                                                                                                                                                                                                                                                                                                                                                                           (246, 2, 121, 1.72, 2.21, NULL, NULL, NULL, NULL, NULL, NULL, NULL, NULL, NULL, NULL, NULL, NULL, NULL, NULL, NULL, NULL, NULL, NULL, NULL, NULL, NULL, NULL, NULL, NULL, NULL, NULL, NULL, NULL, NULL, NULL, NULL, NULL, NULL, NULL),
                                                                                                                                                                                                                                                                                                                                                                                                                           (247, 1, 121, 2.2, 3.6, 3.3, 4.2, NULL, NULL, NULL, NULL, NULL, NULL, NULL, NULL, NULL, NULL, NULL, NULL, NULL, NULL, NULL, NULL, NULL, NULL, NULL, NULL, NULL, NULL, NULL, NULL, NULL, NULL, NULL, NULL, NULL, NULL, NULL, NULL),
                                                                                                                                                                                                                                                                                                                                                                                                                           (248, 6, 121, 1.5, 2.05, NULL, NULL, NULL, NULL, NULL, NULL, NULL, NULL, NULL, NULL, NULL, NULL, NULL, NULL, NULL, NULL, NULL, NULL, NULL, NULL, NULL, NULL, NULL, NULL, NULL, NULL, NULL, NULL, NULL, NULL, NULL, NULL, NULL, NULL),
                                                                                                                                                                                                                                                                                                                                                                                                                           (249, 19, 121, 1.45, 2.15, NULL, NULL, NULL, NULL, NULL, NULL, NULL, NULL, NULL, NULL, NULL, NULL, NULL, NULL, NULL, NULL, NULL, NULL, NULL, NULL, NULL, NULL, NULL, NULL, NULL, NULL, NULL, NULL, NULL, NULL, NULL, NULL, NULL, NULL),
                                                                                                                                                                                                                                                                                                                                                                                                                           (250, 3, 121, 48, 14, 8, 5.11, 4.91, 12, 6.25, 90, 30, 16, 7.75, 6.75, 17, 7.5, NULL, NULL, NULL, NULL, NULL, NULL, NULL, NULL, NULL, NULL, NULL, NULL, NULL, NULL, NULL, NULL, NULL, NULL, NULL, NULL, NULL, NULL),
                                                                                                                                                                                                                                                                                                                                                                                                                           (251, 2, 122, 1.8, 1.94, NULL, NULL, NULL, NULL, NULL, NULL, NULL, NULL, NULL, NULL, NULL, NULL, NULL, NULL, NULL, NULL, NULL, NULL, NULL, NULL, NULL, NULL, NULL, NULL, NULL, NULL, NULL, NULL, NULL, NULL, NULL, NULL, NULL, NULL),
                                                                                                                                                                                                                                                                                                                                                                                                                           (252, 1, 122, 2.2, 3.6, 3.3, 4.2, NULL, NULL, NULL, NULL, NULL, NULL, NULL, NULL, NULL, NULL, NULL, NULL, NULL, NULL, NULL, NULL, NULL, NULL, NULL, NULL, NULL, NULL, NULL, NULL, NULL, NULL, NULL, NULL, NULL, NULL, NULL, NULL),
                                                                                                                                                                                                                                                                                                                                                                                                                           (253, 6, 122, 1.5, 2.05, NULL, NULL, NULL, NULL, NULL, NULL, NULL, NULL, NULL, NULL, NULL, NULL, NULL, NULL, NULL, NULL, NULL, NULL, NULL, NULL, NULL, NULL, NULL, NULL, NULL, NULL, NULL, NULL, NULL, NULL, NULL, NULL, NULL, NULL),
                                                                                                                                                                                                                                                                                                                                                                                                                           (254, 19, 122, 1.45, 2.15, NULL, NULL, NULL, NULL, NULL, NULL, NULL, NULL, NULL, NULL, NULL, NULL, NULL, NULL, NULL, NULL, NULL, NULL, NULL, NULL, NULL, NULL, NULL, NULL, NULL, NULL, NULL, NULL, NULL, NULL, NULL, NULL, NULL, NULL),
                                                                                                                                                                                                                                                                                                                                                                                                                           (255, 3, 122, 48, 14, 8, 5.11, 4.91, 12, 6.25, 90, 30, 16, 7.75, 6.75, 17, 7.5, NULL, NULL, NULL, NULL, NULL, NULL, NULL, NULL, NULL, NULL, NULL, NULL, NULL, NULL, NULL, NULL, NULL, NULL, NULL, NULL, NULL, NULL),
                                                                                                                                                                                                                                                                                                                                                                                                                           (256, 2, 123, 1.71, 2.25, NULL, NULL, NULL, NULL, NULL, NULL, NULL, NULL, NULL, NULL, NULL, NULL, NULL, NULL, NULL, NULL, NULL, NULL, NULL, NULL, NULL, NULL, NULL, NULL, NULL, NULL, NULL, NULL, NULL, NULL, NULL, NULL, NULL, NULL),
                                                                                                                                                                                                                                                                                                                                                                                                                           (257, 1, 123, 2.2, 3.6, 3.3, 4.2, NULL, NULL, NULL, NULL, NULL, NULL, NULL, NULL, NULL, NULL, NULL, NULL, NULL, NULL, NULL, NULL, NULL, NULL, NULL, NULL, NULL, NULL, NULL, NULL, NULL, NULL, NULL, NULL, NULL, NULL, NULL, NULL),
                                                                                                                                                                                                                                                                                                                                                                                                                           (258, 6, 123, 1.5, 2.05, NULL, NULL, NULL, NULL, NULL, NULL, NULL, NULL, NULL, NULL, NULL, NULL, NULL, NULL, NULL, NULL, NULL, NULL, NULL, NULL, NULL, NULL, NULL, NULL, NULL, NULL, NULL, NULL, NULL, NULL, NULL, NULL, NULL, NULL),
                                                                                                                                                                                                                                                                                                                                                                                                                           (259, 19, 123, 1.45, 2.15, NULL, NULL, NULL, NULL, NULL, NULL, NULL, NULL, NULL, NULL, NULL, NULL, NULL, NULL, NULL, NULL, NULL, NULL, NULL, NULL, NULL, NULL, NULL, NULL, NULL, NULL, NULL, NULL, NULL, NULL, NULL, NULL, NULL, NULL),
                                                                                                                                                                                                                                                                                                                                                                                                                           (260, 3, 123, 48, 14, 8, 5.11, 4.91, 12, 6.25, 90, 30, 16, 7.75, 6.75, 17, 7.5, NULL, NULL, NULL, NULL, NULL, NULL, NULL, NULL, NULL, NULL, NULL, NULL, NULL, NULL, NULL, NULL, NULL, NULL, NULL, NULL, NULL, NULL),
                                                                                                                                                                                                                                                                                                                                                                                                                           (261, 25, 124, 4.41, 3.75, 6.01, 7.25, 11.01, 12.01, 6.25, 7.51, 13.01, 23.01, 46.01, 60.01, NULL, NULL, NULL, NULL, NULL, NULL, NULL, NULL, NULL, NULL, NULL, NULL, NULL, NULL, NULL, NULL, NULL, NULL, NULL, NULL, NULL, NULL, NULL, NULL),
                                                                                                                                                                                                                                                                                                                                                                                                                           (262, NULL, 124, 1.96, 1.24, 1.31, 1.38, 1.48, 1.52, 1.58, 1.64, 1.78, 1.86, 1.94, 2.01, 2.11, 2.21, 2.45, 2.45, 2.85, 3.25, 1.21, 1.26, 1.32, 1.39, 1.45, 1.52, 1.62, 1.72, 1.72, 1.85, 1.97, 2.02, 2.22, 2.61, 2.75, 2.95, 3.11, 3.51),
                                                                                                                                                                                                                                                                                                                                                                                                                           (263, 2, 124, 1.46, 2.75, NULL, NULL, NULL, NULL, NULL, NULL, NULL, NULL, NULL, NULL, NULL, NULL, NULL, NULL, NULL, NULL, NULL, NULL, NULL, NULL, NULL, NULL, NULL, NULL, NULL, NULL, NULL, NULL, NULL, NULL, NULL, NULL, NULL, NULL),
                                                                                                                                                                                                                                                                                                                                                                                                                           (264, NULL, 124, 1.71, 1.91, NULL, NULL, NULL, NULL, NULL, NULL, NULL, NULL, NULL, NULL, NULL, NULL, NULL, NULL, NULL, NULL, NULL, NULL, NULL, NULL, NULL, NULL, NULL, NULL, NULL, NULL, NULL, NULL, NULL, NULL, NULL, NULL, NULL, NULL),
                                                                                                                                                                                                                                                                                                                                                                                                                           (265, NULL, 124, 1.39, 2.21, 1.52, 1.96, 1.72, 1.68, 2.01, NULL, 1.35, NULL, NULL, NULL, NULL, NULL, NULL, NULL, NULL, NULL, NULL, NULL, NULL, NULL, NULL, NULL, NULL, NULL, NULL, NULL, NULL, NULL, NULL, NULL, NULL, NULL, NULL, NULL),
                                                                                                                                                                                                                                                                                                                                                                                                                           (266, NULL, 124, 1.39, 2.21, 1.52, 1.96, 1.72, 1.68, 2.01, NULL, 1.35, NULL, NULL, NULL, NULL, NULL, NULL, NULL, NULL, NULL, NULL, NULL, NULL, NULL, NULL, NULL, NULL, NULL, NULL, NULL, NULL, NULL, NULL, NULL, NULL, NULL, NULL, NULL),
                                                                                                                                                                                                                                                                                                                                                                                                                           (267, NULL, 124, 1.39, 2.21, 1.52, 1.96, 1.72, 1.68, 2.01, NULL, 1.35, NULL, NULL, NULL, NULL, NULL, NULL, NULL, NULL, NULL, NULL, NULL, NULL, NULL, NULL, NULL, NULL, NULL, NULL, NULL, NULL, NULL, NULL, NULL, NULL, NULL, NULL, NULL),
                                                                                                                                                                                                                                                                                                                                                                                                                           (268, NULL, 124, 2, 1.39, NULL, NULL, NULL, NULL, NULL, NULL, NULL, NULL, NULL, NULL, NULL, NULL, NULL, NULL, NULL, NULL, NULL, NULL, NULL, NULL, NULL, NULL, NULL, NULL, NULL, NULL, NULL, NULL, NULL, NULL, NULL, NULL, NULL, NULL),
                                                                                                                                                                                                                                                                                                                                                                                                                           (269, NULL, 124, 2, 1.39, NULL, NULL, NULL, NULL, NULL, NULL, NULL, NULL, NULL, NULL, NULL, NULL, NULL, NULL, NULL, NULL, NULL, NULL, NULL, NULL, NULL, NULL, NULL, NULL, NULL, NULL, NULL, NULL, NULL, NULL, NULL, NULL, NULL, NULL),
                                                                                                                                                                                                                                                                                                                                                                                                                           (270, NULL, 124, 2, 1.39, NULL, NULL, NULL, NULL, NULL, NULL, NULL, NULL, NULL, NULL, NULL, NULL, NULL, NULL, NULL, NULL, NULL, NULL, NULL, NULL, NULL, NULL, NULL, NULL, NULL, NULL, NULL, NULL, NULL, NULL, NULL, NULL, NULL, NULL),
                                                                                                                                                                                                                                                                                                                                                                                                                           (271, NULL, 124, 2, 1.39, NULL, NULL, NULL, NULL, NULL, NULL, NULL, NULL, NULL, NULL, NULL, NULL, NULL, NULL, NULL, NULL, NULL, NULL, NULL, NULL, NULL, NULL, NULL, NULL, NULL, NULL, NULL, NULL, NULL, NULL, NULL, NULL, NULL, NULL),
                                                                                                                                                                                                                                                                                                                                                                                                                           (272, NULL, 124, 2.81, 3.65, 2.85, 3.75, NULL, NULL, NULL, NULL, NULL, NULL, NULL, NULL, NULL, NULL, NULL, NULL, NULL, NULL, NULL, NULL, NULL, NULL, NULL, NULL, NULL, NULL, NULL, NULL, NULL, NULL, NULL, NULL, NULL, NULL, NULL, NULL),
                                                                                                                                                                                                                                                                                                                                                                                                                           (273, NULL, 124, 1.61, 11.51, 2.05, NULL, NULL, NULL, NULL, NULL, NULL, NULL, NULL, NULL, NULL, NULL, NULL, NULL, NULL, NULL, NULL, NULL, NULL, NULL, NULL, NULL, NULL, NULL, NULL, NULL, NULL, NULL, NULL, NULL, NULL, NULL, NULL, NULL),
                                                                                                                                                                                                                                                                                                                                                                                                                           (274, 26, 124, 2.45, 2.45, 4.01, 5.71, 10.01, 21.01, 35.01, NULL, NULL, NULL, NULL, NULL, NULL, NULL, NULL, NULL, NULL, NULL, NULL, NULL, NULL, NULL, NULL, NULL, NULL, NULL, NULL, NULL, NULL, NULL, NULL, NULL, NULL, NULL, NULL, NULL),
                                                                                                                                                                                                                                                                                                                                                                                                                           (275, NULL, NULL, NULL, NULL, NULL, NULL, NULL, NULL, NULL, NULL, NULL, NULL, NULL, NULL, NULL, NULL, NULL, NULL, NULL, NULL, NULL, NULL, NULL, NULL, NULL, NULL, NULL, NULL, NULL, NULL, NULL, NULL, NULL, NULL, NULL, NULL, NULL, NULL),
                                                                                                                                                                                                                                                                                                                                                                                                                           (276, NULL, NULL, NULL, NULL, NULL, NULL, NULL, NULL, NULL, NULL, NULL, NULL, NULL, NULL, NULL, NULL, NULL, NULL, NULL, NULL, NULL, NULL, NULL, NULL, NULL, NULL, NULL, NULL, NULL, NULL, NULL, NULL, NULL, NULL, NULL, NULL, NULL, NULL),
                                                                                                                                                                                                                                                                                                                                                                                                                           (277, 22, 125, 1.31, NULL, 8.51, NULL, NULL, NULL, NULL, NULL, NULL, NULL, NULL, NULL, NULL, NULL, NULL, NULL, NULL, NULL, NULL, NULL, NULL, NULL, NULL, NULL, NULL, NULL, NULL, NULL, NULL, NULL, NULL, NULL, NULL, NULL, NULL, NULL),
                                                                                                                                                                                                                                                                                                                                                                                                                           (278, 23, 125, 8.5, 8, 7.25, 10.5, 9.51, 16, 18, 17, 28, 55, 38, 34, 50, 85, 200, 16, 7.25, 11, 36, 110, 25, 15, 26, 13, 50, 30, 29, 110, 65, 65, 75, 350, 180, 1870, 350, NULL),
                                                                                                                                                                                                                                                                                                                                                                                                                           (279, 24, 125, 3.75, 9, 13.5, 80, 3.95, 8.5, 8, 17, 20, 65, 3.65, NULL, NULL, NULL, NULL, NULL, NULL, NULL, NULL, NULL, NULL, NULL, NULL, NULL, NULL, NULL, NULL, NULL, NULL, NULL, NULL, NULL, NULL, NULL, NULL, NULL),
                                                                                                                                                                                                                                                                                                                                                                                                                           (280, 22, 126, 1.58, 2.6, 1.4, NULL, NULL, NULL, NULL, NULL, NULL, NULL, NULL, NULL, NULL, NULL, NULL, NULL, NULL, NULL, NULL, NULL, NULL, NULL, NULL, NULL, NULL, NULL, NULL, NULL, NULL, NULL, NULL, NULL, NULL, NULL, NULL, NULL),
                                                                                                                                                                                                                                                                                                                                                                                                                           (281, 23, 126, 8.5, 8, 7.25, 10.5, 9.51, 16, 18, 17, 28, 55, 38, 34, 50, 85, 200, 16, 7.25, 11, 36, 110, 25, 15, 26, 13, 50, 30, 29, 110, 65, 65, 75, 350, 180, 1870, 350, NULL),
                                                                                                                                                                                                                                                                                                                                                                                                                           (282, 24, 126, 3.75, 9, 13.5, 80, 3.95, 8.5, 8, 17, 20, 65, 3.65, NULL, NULL, NULL, NULL, NULL, NULL, NULL, NULL, NULL, NULL, NULL, NULL, NULL, NULL, NULL, NULL, NULL, NULL, NULL, NULL, NULL, NULL, NULL, NULL, NULL),
                                                                                                                                                                                                                                                                                                                                                                                                                           (283, 22, 127, 1.58, NULL, 2.47, NULL, NULL, NULL, NULL, NULL, NULL, NULL, NULL, NULL, NULL, NULL, NULL, NULL, NULL, NULL, NULL, NULL, NULL, NULL, NULL, NULL, NULL, NULL, NULL, NULL, NULL, NULL, NULL, NULL, NULL, NULL, NULL, NULL),
                                                                                                                                                                                                                                                                                                                                                                                                                           (284, 23, 127, 8.5, 8, 7.25, 10.5, 9.51, 16, 18, 17, 28, 55, 38, 34, 50, 85, 200, 16, 7.25, 11, 36, 110, 25, 15, 26, 13, 50, 30, 29, 110, 65, 65, 75, 350, 180, 1870, 350, NULL),
                                                                                                                                                                                                                                                                                                                                                                                                                           (285, 24, 127, 3.75, 9, 13.5, 80, 3.95, 8.5, 8, 17, 20, 65, 3.65, NULL, NULL, NULL, NULL, NULL, NULL, NULL, NULL, NULL, NULL, NULL, NULL, NULL, NULL, NULL, NULL, NULL, NULL, NULL, NULL, NULL, NULL, NULL, NULL, NULL),
                                                                                                                                                                                                                                                                                                                                                                                                                           (286, 25, 128, 4.41, 3.75, 6.01, 7.25, 11.01, 12.01, 6.25, 7.51, 13.01, 23.01, 46.01, 60.01, NULL, NULL, NULL, NULL, NULL, NULL, NULL, NULL, NULL, NULL, NULL, NULL, NULL, NULL, NULL, NULL, NULL, NULL, NULL, NULL, NULL, NULL, NULL, NULL),
                                                                                                                                                                                                                                                                                                                                                                                                                           (287, 27, 128, 1.96, 1.24, 1.31, 1.38, 1.48, 1.52, 1.58, 1.64, 1.78, 1.86, 1.94, 2.01, 2.11, 2.21, 2.45, 2.45, 2.85, 3.25, 1.21, 1.26, 1.32, 1.39, 1.45, 1.52, 1.62, 1.72, 1.72, 1.85, 1.97, 2.02, 2.22, 2.61, 2.75, 2.95, 3.11, 3.51),
                                                                                                                                                                                                                                                                                                                                                                                                                           (288, 2, 128, 1.4, 2.9, NULL, NULL, NULL, NULL, NULL, NULL, NULL, NULL, NULL, NULL, NULL, NULL, NULL, NULL, NULL, NULL, NULL, NULL, NULL, NULL, NULL, NULL, NULL, NULL, NULL, NULL, NULL, NULL, NULL, NULL, NULL, NULL, NULL, NULL),
                                                                                                                                                                                                                                                                                                                                                                                                                           (289, NULL, 128, 1.71, 1.91, NULL, NULL, NULL, NULL, NULL, NULL, NULL, NULL, NULL, NULL, NULL, NULL, NULL, NULL, NULL, NULL, NULL, NULL, NULL, NULL, NULL, NULL, NULL, NULL, NULL, NULL, NULL, NULL, NULL, NULL, NULL, NULL, NULL, NULL),
                                                                                                                                                                                                                                                                                                                                                                                                                           (290, NULL, 128, 1.39, 2.21, 1.52, 1.96, 1.72, 1.68, 2.01, NULL, 1.35, NULL, NULL, NULL, NULL, NULL, NULL, NULL, NULL, NULL, NULL, NULL, NULL, NULL, NULL, NULL, NULL, NULL, NULL, NULL, NULL, NULL, NULL, NULL, NULL, NULL, NULL, NULL),
                                                                                                                                                                                                                                                                                                                                                                                                                           (291, NULL, 128, 1.39, 2.21, 1.52, 1.96, 1.72, 1.68, 2.01, NULL, 1.35, NULL, NULL, NULL, NULL, NULL, NULL, NULL, NULL, NULL, NULL, NULL, NULL, NULL, NULL, NULL, NULL, NULL, NULL, NULL, NULL, NULL, NULL, NULL, NULL, NULL, NULL, NULL),
                                                                                                                                                                                                                                                                                                                                                                                                                           (292, NULL, 128, 1.39, 2.21, 1.52, 1.96, 1.72, 1.68, 2.01, NULL, 1.35, NULL, NULL, NULL, NULL, NULL, NULL, NULL, NULL, NULL, NULL, NULL, NULL, NULL, NULL, NULL, NULL, NULL, NULL, NULL, NULL, NULL, NULL, NULL, NULL, NULL, NULL, NULL),
                                                                                                                                                                                                                                                                                                                                                                                                                           (293, NULL, 128, 2, 1.39, NULL, NULL, NULL, NULL, NULL, NULL, NULL, NULL, NULL, NULL, NULL, NULL, NULL, NULL, NULL, NULL, NULL, NULL, NULL, NULL, NULL, NULL, NULL, NULL, NULL, NULL, NULL, NULL, NULL, NULL, NULL, NULL, NULL, NULL),
                                                                                                                                                                                                                                                                                                                                                                                                                           (294, NULL, 128, 2, 1.39, NULL, NULL, NULL, NULL, NULL, NULL, NULL, NULL, NULL, NULL, NULL, NULL, NULL, NULL, NULL, NULL, NULL, NULL, NULL, NULL, NULL, NULL, NULL, NULL, NULL, NULL, NULL, NULL, NULL, NULL, NULL, NULL, NULL, NULL),
                                                                                                                                                                                                                                                                                                                                                                                                                           (295, NULL, 128, 2, 1.39, NULL, NULL, NULL, NULL, NULL, NULL, NULL, NULL, NULL, NULL, NULL, NULL, NULL, NULL, NULL, NULL, NULL, NULL, NULL, NULL, NULL, NULL, NULL, NULL, NULL, NULL, NULL, NULL, NULL, NULL, NULL, NULL, NULL, NULL),
                                                                                                                                                                                                                                                                                                                                                                                                                           (296, NULL, 128, 2, 1.39, NULL, NULL, NULL, NULL, NULL, NULL, NULL, NULL, NULL, NULL, NULL, NULL, NULL, NULL, NULL, NULL, NULL, NULL, NULL, NULL, NULL, NULL, NULL, NULL, NULL, NULL, NULL, NULL, NULL, NULL, NULL, NULL, NULL, NULL),
                                                                                                                                                                                                                                                                                                                                                                                                                           (297, NULL, 128, 2.81, 3.65, 2.85, 3.75, NULL, NULL, NULL, NULL, NULL, NULL, NULL, NULL, NULL, NULL, NULL, NULL, NULL, NULL, NULL, NULL, NULL, NULL, NULL, NULL, NULL, NULL, NULL, NULL, NULL, NULL, NULL, NULL, NULL, NULL, NULL, NULL),
                                                                                                                                                                                                                                                                                                                                                                                                                           (298, NULL, 128, 1.61, 11.51, 2.05, NULL, NULL, NULL, NULL, NULL, NULL, NULL, NULL, NULL, NULL, NULL, NULL, NULL, NULL, NULL, NULL, NULL, NULL, NULL, NULL, NULL, NULL, NULL, NULL, NULL, NULL, NULL, NULL, NULL, NULL, NULL, NULL, NULL),
                                                                                                                                                                                                                                                                                                                                                                                                                           (299, 26, 128, 2.45, 2.45, 4.01, 5.71, 10.01, 21.01, 35.01, NULL, NULL, NULL, NULL, NULL, NULL, NULL, NULL, NULL, NULL, NULL, NULL, NULL, NULL, NULL, NULL, NULL, NULL, NULL, NULL, NULL, NULL, NULL, NULL, NULL, NULL, NULL, NULL, NULL),
                                                                                                                                                                                                                                                                                                                                                                                                                           (300, NULL, NULL, NULL, NULL, NULL, NULL, NULL, NULL, NULL, NULL, NULL, NULL, NULL, NULL, NULL, NULL, NULL, NULL, NULL, NULL, NULL, NULL, NULL, NULL, NULL, NULL, NULL, NULL, NULL, NULL, NULL, NULL, NULL, NULL, NULL, NULL, NULL, NULL),
                                                                                                                                                                                                                                                                                                                                                                                                                           (301, NULL, NULL, NULL, NULL, NULL, NULL, NULL, NULL, NULL, NULL, NULL, NULL, NULL, NULL, NULL, NULL, NULL, NULL, NULL, NULL, NULL, NULL, NULL, NULL, NULL, NULL, NULL, NULL, NULL, NULL, NULL, NULL, NULL, NULL, NULL, NULL, NULL, NULL),
                                                                                                                                                                                                                                                                                                                                                                                                                           (302, 22, 129, 1.78, 5.2, 6.9, NULL, NULL, NULL, NULL, NULL, NULL, NULL, NULL, NULL, NULL, NULL, NULL, NULL, NULL, NULL, NULL, NULL, NULL, NULL, NULL, NULL, NULL, NULL, NULL, NULL, NULL, NULL, NULL, NULL, NULL, NULL, NULL, NULL),
                                                                                                                                                                                                                                                                                                                                                                                                                           (303, 23, 129, 8.5, 8, 7.25, 10.5, 9.51, 16, 18, 17, 28, 55, 38, 34, 50, 85, 200, 16, 7.25, 11, 36, 110, 25, 15, 26, 13, 50, 30, 29, 110, 65, 65, 75, 350, 180, 1870, 350, NULL),
                                                                                                                                                                                                                                                                                                                                                                                                                           (304, 24, 129, 3.75, 9, 13.5, 80, 3.95, 8.5, 8, 17, 20, 65, 3.65, NULL, NULL, NULL, NULL, NULL, NULL, NULL, NULL, NULL, NULL, NULL, NULL, NULL, NULL, NULL, NULL, NULL, NULL, NULL, NULL, NULL, NULL, NULL, NULL, NULL);

-- --------------------------------------------------------

--
-- Structure de la table `choix`
--

CREATE TABLE `choix` (
                         `id` int(11) NOT NULL,
                         `name_id` int(11) DEFAULT NULL,
                         `choix1` varchar(255) NOT NULL,
                         `choix2` varchar(255) NOT NULL,
                         `pari_id` int(11) DEFAULT NULL
) ENGINE=InnoDB DEFAULT CHARSET=utf8mb4 COLLATE=utf8mb4_unicode_ci;

--
-- Déchargement des données de la table `choix`
--

INSERT INTO `choix` (`id`, `name_id`, `choix1`, `choix2`, `pari_id`) VALUES
    (1, 1, '2-0', '2-1', NULL);

-- --------------------------------------------------------

--
-- Structure de la table `city`
--

CREATE TABLE `city` (
                        `id` int(11) NOT NULL,
                        `country_id` int(11) NOT NULL,
                        `name` varchar(255) NOT NULL,
                        `pays_id` int(11) DEFAULT NULL
) ENGINE=InnoDB DEFAULT CHARSET=utf8mb4 COLLATE=utf8mb4_unicode_ci;

--
-- Déchargement des données de la table `city`
--

INSERT INTO `city` (`id`, `country_id`, `name`, `pays_id`) VALUES
                                                               (1, 1, 'Cincinatti', NULL),
                                                               (2, 1, 'New-York', NULL),
                                                               (3, 1, 'Cleveland', NULL),
                                                               (4, 12, 'Athenes', NULL),
                                                               (5, 13, 'Tulln', NULL),
                                                               (6, 7, 'Belgrade', NULL),
                                                               (7, 37, 'Luxembourg', NULL),
                                                               (8, 38, 'Portoroz', NULL),
                                                               (9, 27, 'London', NULL),
                                                               (10, 28, 'Noursoultan', NULL),
                                                               (11, 1, 'San diego', NULL),
                                                               (12, 1, 'Chicago', NULL),
                                                               (13, 21, 'Sofia', NULL),
                                                               (14, 8, 'Moscou', NULL),
                                                               (15, 23, 'Anvers', NULL);

-- --------------------------------------------------------

--
-- Structure de la table `classement`
--

CREATE TABLE `classement` (
                              `id` int(11) NOT NULL,
                              `ranking` int(11) NOT NULL,
                              `association_id` int(11) NOT NULL
) ENGINE=InnoDB DEFAULT CHARSET=utf8mb4 COLLATE=utf8mb4_unicode_ci;

--
-- Déchargement des données de la table `classement`
--

INSERT INTO `classement` (`id`, `ranking`, `association_id`) VALUES
                                                                 (1, 1, 1),
                                                                 (2, 2, 1),
                                                                 (3, 3, 1),
                                                                 (4, 4, 1),
                                                                 (5, 5, 1),
                                                                 (6, 6, 1),
                                                                 (7, 7, 1),
                                                                 (8, 8, 1),
                                                                 (9, 9, 1),
                                                                 (10, 10, 1),
                                                                 (11, 11, 1),
                                                                 (12, 12, 1),
                                                                 (13, 13, 1),
                                                                 (14, 14, 1),
                                                                 (15, 15, 1),
                                                                 (16, 16, 1),
                                                                 (17, 17, 1),
                                                                 (18, 18, 1),
                                                                 (19, 19, 1),
                                                                 (20, 20, 1),
                                                                 (21, 21, 1),
                                                                 (22, 22, 1),
                                                                 (23, 23, 1),
                                                                 (24, 24, 1),
                                                                 (25, 25, 1),
                                                                 (26, 26, 1),
                                                                 (27, 27, 1),
                                                                 (28, 28, 1),
                                                                 (29, 29, 1),
                                                                 (30, 30, 1),
                                                                 (31, 111, 2),
                                                                 (32, 227, 2),
                                                                 (33, 127, 2),
                                                                 (34, 150, 2),
                                                                 (35, 225, 2),
                                                                 (36, 139, 2),
                                                                 (37, 190, 1),
                                                                 (38, 142, 1),
                                                                 (39, 123, 1),
                                                                 (40, 173, 1),
                                                                 (41, 195, 1),
                                                                 (42, 194, 1),
                                                                 (43, 102, 2),
                                                                 (44, 161, 1),
                                                                 (45, 161, 2),
                                                                 (46, 49, 1),
                                                                 (47, 40, 1),
                                                                 (48, 84, 1),
                                                                 (49, 4, 2),
                                                                 (50, 34, 2),
                                                                 (51, 76, 1),
                                                                 (52, 61, 1),
                                                                 (53, 40, 2),
                                                                 (54, 58, 2),
                                                                 (55, 94, 2),
                                                                 (56, 21, 2),
                                                                 (57, 23, 2),
                                                                 (58, 15, 2),
                                                                 (59, 129, 1),
                                                                 (60, 55, 1),
                                                                 (61, 88, 1),
                                                                 (62, 53, 1),
                                                                 (63, 89, 1),
                                                                 (64, 144, 1),
                                                                 (65, 12, 2),
                                                                 (66, 25, 2),
                                                                 (67, 39, 1),
                                                                 (68, 18, 2),
                                                                 (69, 73, 2),
                                                                 (70, 2, 2),
                                                                 (71, 114, 1),
                                                                 (72, 80, 2),
                                                                 (73, 167, 2),
                                                                 (74, 632, 2),
                                                                 (75, 38, 2),
                                                                 (76, 135, 2),
                                                                 (77, 171, 2),
                                                                 (78, 272, 1),
                                                                 (79, 281, 1),
                                                                 (80, 515, 1),
                                                                 (81, 133, 1),
                                                                 (82, 144, 1),
                                                                 (83, 221, 1),
                                                                 (84, 1596, 1),
                                                                 (85, 1332, 1),
                                                                 (86, 191, 1),
                                                                 (87, 126, 1),
                                                                 (88, 115, 1),
                                                                 (89, 122, 1),
                                                                 (90, 87, 2),
                                                                 (91, 66, 1),
                                                                 (92, 51, 1),
                                                                 (93, 151, 1),
                                                                 (94, 30, 2),
                                                                 (95, 37, 2),
                                                                 (96, 59, 2),
                                                                 (97, 84, 1),
                                                                 (98, 61, 1),
                                                                 (99, 146, 1),
                                                                 (100, 65, 1),
                                                                 (101, 117, 1),
                                                                 (102, 109, 1),
                                                                 (103, 61, 2),
                                                                 (104, 50, 2),
                                                                 (105, 99, 2),
                                                                 (106, 42, 2),
                                                                 (107, 31, 2),
                                                                 (108, 16, 2),
                                                                 (109, 9, 2),
                                                                 (110, 7, 2),
                                                                 (111, 213, 2),
                                                                 (112, 43, 1),
                                                                 (113, 65, 2),
                                                                 (114, 72, 2),
                                                                 (115, 71, 2),
                                                                 (116, 99, 2),
                                                                 (117, 99, 2),
                                                                 (118, 95, 2),
                                                                 (119, 88, 2),
                                                                 (120, 89, 2),
                                                                 (121, 80, 2),
                                                                 (122, 1234, 1),
                                                                 (123, 799, 1),
                                                                 (124, 12345, 1),
                                                                 (125, 13452, 1),
                                                                 (126, 12124, 3),
                                                                 (127, 12124, 3),
                                                                 (128, 12126, 3),
                                                                 (129, 12128, 4),
                                                                 (130, 12130, 4),
                                                                 (131, 182, 2),
                                                                 (132, 45, 2),
                                                                 (133, 92, 2),
                                                                 (134, 60, 2),
                                                                 (135, 50, 2),
                                                                 (136, 52, 3),
                                                                 (137, 54, 3),
                                                                 (138, 56, 3),
                                                                 (139, 58, 3),
                                                                 (140, 60, 3),
                                                                 (141, 444, 2),
                                                                 (142, 446, 3),
                                                                 (143, 448, 3),
                                                                 (144, 450, 3),
                                                                 (145, 452, 3),
                                                                 (146, 454, 3),
                                                                 (147, 12390, 1),
                                                                 (148, 67, 1),
                                                                 (149, 48, 1),
                                                                 (150, 121, 1),
                                                                 (151, 148, 1),
                                                                 (152, 456, 2),
                                                                 (153, 27, 2),
                                                                 (154, 47, 2),
                                                                 (155, 290, 2),
                                                                 (156, 32, 2),
                                                                 (157, 34, 3),
                                                                 (158, 36, 3),
                                                                 (159, 38, 3),
                                                                 (160, 40, 3),
                                                                 (161, 42, 3),
                                                                 (162, 44, 3),
                                                                 (163, 46, 3),
                                                                 (164, 48, 3),
                                                                 (165, 50, 3),
                                                                 (166, 52, 3),
                                                                 (167, 54, 3),
                                                                 (168, 56, 3),
                                                                 (169, 58, 3),
                                                                 (170, 60, 3),
                                                                 (171, 62, 3),
                                                                 (172, 64, 3),
                                                                 (173, 66, 3),
                                                                 (174, 68, 3),
                                                                 (175, 70, 3),
                                                                 (176, 72, 3),
                                                                 (177, 74, 3),
                                                                 (178, 76, 3),
                                                                 (179, 78, 3),
                                                                 (180, 80, 3),
                                                                 (181, 82, 3),
                                                                 (182, 84, 3),
                                                                 (183, 86, 3),
                                                                 (184, 88, 3),
                                                                 (185, 90, 3),
                                                                 (186, 92, 3),
                                                                 (187, 94, 3),
                                                                 (188, 96, 3),
                                                                 (189, 98, 3),
                                                                 (190, 100, 3),
                                                                 (191, 102, 3),
                                                                 (192, 104, 3),
                                                                 (193, 106, 3),
                                                                 (194, 108, 3),
                                                                 (195, 110, 3),
                                                                 (196, 112, 3),
                                                                 (197, 114, 3),
                                                                 (198, 116, 3),
                                                                 (199, 118, 3),
                                                                 (200, 120, 3),
                                                                 (201, 122, 3),
                                                                 (202, 23454, 1),
                                                                 (203, 1007, 1),
                                                                 (204, 33, 2),
                                                                 (205, 105, 2),
                                                                 (206, 97, 2),
                                                                 (207, 91, 2),
                                                                 (208, 880, 2),
                                                                 (209, 166, 1),
                                                                 (210, 207, 2),
                                                                 (211, 64, 2),
                                                                 (212, 86, 2),
                                                                 (213, 169, 2),
                                                                 (214, 49, 2),
                                                                 (215, 62, 2),
                                                                 (216, 69, 1),
                                                                 (217, 365, 1),
                                                                 (218, 50, 1),
                                                                 (219, 650, 1),
                                                                 (220, 391, 1),
                                                                 (221, 70, 1),
                                                                 (222, 74, 1),
                                                                 (223, 162, 1),
                                                                 (224, 58, 1),
                                                                 (225, 60, 3),
                                                                 (226, 62, 3),
                                                                 (227, 64, 3),
                                                                 (228, 66, 3),
                                                                 (229, 32, 1),
                                                                 (230, 74, 2),
                                                                 (231, 36, 2),
                                                                 (232, 400, 1),
                                                                 (233, 402, 3),
                                                                 (234, 404, 3),
                                                                 (235, 406, 3),
                                                                 (236, 408, 3),
                                                                 (237, 410, 3),
                                                                 (238, 412, 3),
                                                                 (239, 414, 3),
                                                                 (240, 416, 3),
                                                                 (241, 418, 3),
                                                                 (242, 420, 3),
                                                                 (243, 422, 3),
                                                                 (244, 424, 3),
                                                                 (245, 426, 3),
                                                                 (246, 428, 3),
                                                                 (247, 430, 3),
                                                                 (248, 432, 3),
                                                                 (249, 434, 3),
                                                                 (250, 436, 3),
                                                                 (251, 438, 3),
                                                                 (252, 440, 3),
                                                                 (253, 442, 3),
                                                                 (254, 444, 3),
                                                                 (255, 446, 3),
                                                                 (256, 448, 3),
                                                                 (257, 450, 3),
                                                                 (258, 452, 3),
                                                                 (259, 454, 3),
                                                                 (260, 35, 2),
                                                                 (261, 39, 2),
                                                                 (262, 41, 1),
                                                                 (263, 43, 3),
                                                                 (264, 45, 3),
                                                                 (265, 47, 3),
                                                                 (266, 49, 3),
                                                                 (267, 51, 3),
                                                                 (268, 53, 3),
                                                                 (269, 55, 3),
                                                                 (270, 57, 3),
                                                                 (271, 59, 3),
                                                                 (272, 61, 3),
                                                                 (273, 63, 3),
                                                                 (274, 65, 3),
                                                                 (275, 67, 3),
                                                                 (276, 69, 3),
                                                                 (277, 71, 3),
                                                                 (278, 73, 3),
                                                                 (279, 75, 3),
                                                                 (280, 77, 6),
                                                                 (281, 79, 6),
                                                                 (282, 12598, 6),
                                                                 (283, 12600, 6);

-- --------------------------------------------------------

--
-- Structure de la table `continent`
--

CREATE TABLE `continent` (
                             `id` int(11) NOT NULL,
                             `name` varchar(255) DEFAULT NULL
) ENGINE=InnoDB DEFAULT CHARSET=utf8mb4 COLLATE=utf8mb4_unicode_ci;

-- --------------------------------------------------------

--
-- Structure de la table `doctrine_migration_versions`
--

CREATE TABLE `doctrine_migration_versions` (
                                               `version` varchar(191) NOT NULL,
                                               `executed_at` datetime DEFAULT NULL,
                                               `execution_time` int(11) DEFAULT NULL
) ENGINE=InnoDB DEFAULT CHARSET=utf8 COLLATE=utf8_unicode_ci;

--
-- Déchargement des données de la table `doctrine_migration_versions`
--

INSERT INTO `doctrine_migration_versions` (`version`, `executed_at`, `execution_time`) VALUES
                                                                                           ('DoctrineMigrations\\Version20210812135812', '2021-08-12 22:04:21', 379),
                                                                                           ('DoctrineMigrations\\Version20210814142037', '2021-08-14 16:23:37', 16518),
                                                                                           ('DoctrineMigrations\\Version20210816222959', '2021-08-17 00:30:15', 401),
                                                                                           ('DoctrineMigrations\\Version20210817223851', '2021-08-18 00:39:09', 3561),
                                                                                           ('DoctrineMigrations\\Version20210817225530', '2021-08-18 00:55:47', 5994),
                                                                                           ('DoctrineMigrations\\Version20210818222314', '2021-08-19 00:23:32', 2108),
                                                                                           ('DoctrineMigrations\\Version20210818223223', '2021-08-19 00:32:35', 2120),
                                                                                           ('DoctrineMigrations\\Version20210818223714', '2021-08-19 00:37:24', 3806),
                                                                                           ('DoctrineMigrations\\Version20210822200854', '2021-08-22 22:09:16', 3087),
                                                                                           ('DoctrineMigrations\\Version20210822203503', '2021-08-22 22:35:26', 2109),
                                                                                           ('DoctrineMigrations\\Version20210825151131', '2021-08-25 17:12:00', 497),
                                                                                           ('DoctrineMigrations\\Version20210825184034', '2021-08-25 20:40:49', 209),
                                                                                           ('DoctrineMigrations\\Version20210825185420', '2021-08-25 20:54:33', 574),
                                                                                           ('DoctrineMigrations\\Version20210825194404', '2021-08-25 21:44:15', 3297),
                                                                                           ('DoctrineMigrations\\Version20210825195714', '2021-08-25 21:57:27', 1881),
                                                                                           ('DoctrineMigrations\\Version20210825200318', '2021-08-25 22:03:26', 1015),
                                                                                           ('DoctrineMigrations\\Version20210825201951', '2021-08-25 22:19:57', 1878),
                                                                                           ('DoctrineMigrations\\Version20210827155411', '2021-08-27 17:54:24', 719),
                                                                                           ('DoctrineMigrations\\Version20210827161635', '2021-08-27 18:16:44', 2892),
                                                                                           ('DoctrineMigrations\\Version20210827221517', '2021-08-28 00:15:29', 346),
                                                                                           ('DoctrineMigrations\\Version20210827224304', '2021-08-28 00:45:25', 1575),
                                                                                           ('DoctrineMigrations\\Version20210827225949', '2021-08-28 00:59:59', 435),
                                                                                           ('DoctrineMigrations\\Version20210827234717', '2021-08-28 01:47:49', 1652),
                                                                                           ('DoctrineMigrations\\Version20210828000543', '2021-08-28 02:05:55', 1724),
                                                                                           ('DoctrineMigrations\\Version20210828113827', '2021-08-28 13:38:43', 5271),
                                                                                           ('DoctrineMigrations\\Version20210828122620', '2021-08-28 14:26:30', 2609),
                                                                                           ('DoctrineMigrations\\Version20210828151956', '2021-08-28 17:20:09', 152),
                                                                                           ('DoctrineMigrations\\Version20210830133201', '2021-08-30 15:32:26', 2952),
                                                                                           ('DoctrineMigrations\\Version20210830155133', '2021-08-30 17:51:40', 3333),
                                                                                           ('DoctrineMigrations\\Version20210902101735', '2021-09-02 12:17:50', 5338),
                                                                                           ('DoctrineMigrations\\Version20210902102429', '2021-09-02 12:30:11', 1990),
                                                                                           ('DoctrineMigrations\\Version20210902102854', '2021-09-02 12:31:13', 150),
                                                                                           ('DoctrineMigrations\\Version20210902112329', '2021-09-02 16:56:42', 50),
                                                                                           ('DoctrineMigrations\\Version20210902112849', '2021-09-02 16:56:42', 0),
                                                                                           ('DoctrineMigrations\\Version20210902134659', '2021-09-02 16:56:42', 1),
                                                                                           ('DoctrineMigrations\\Version20210902134749', '2021-09-02 16:56:43', 1),
                                                                                           ('DoctrineMigrations\\Version20210902135038', '2021-09-02 16:56:43', 1),
                                                                                           ('DoctrineMigrations\\Version20210904224253', '2021-09-05 00:43:10', 3648),
                                                                                           ('DoctrineMigrations\\Version20210905090446', '2021-09-05 11:05:24', 346),
                                                                                           ('DoctrineMigrations\\Version20210905094357', '2021-09-05 11:44:04', 3907),
                                                                                           ('DoctrineMigrations\\Version20210905231713', '2021-09-06 01:17:27', 3153),
                                                                                           ('DoctrineMigrations\\Version20210908220402', '2021-09-09 00:04:22', 1267),
                                                                                           ('DoctrineMigrations\\Version20210908231212', '2021-09-09 01:15:40', 167),
                                                                                           ('DoctrineMigrations\\Version20210908231520', '2021-09-09 01:18:29', 169),
                                                                                           ('DoctrineMigrations\\Version20210908233510', '2021-09-09 01:35:21', 1844),
                                                                                           ('DoctrineMigrations\\Version20210909104439', '2021-09-09 12:44:44', 2223),
                                                                                           ('DoctrineMigrations\\Version20210909224702', '2021-09-10 00:47:20', 1107),
                                                                                           ('DoctrineMigrations\\Version20210910003938', '2021-09-10 02:39:47', 6572),
                                                                                           ('DoctrineMigrations\\Version20210910005107', '2021-09-10 02:51:16', 513),
                                                                                           ('DoctrineMigrations\\Version20210910111218', '2021-09-10 13:12:26', 1064),
                                                                                           ('DoctrineMigrations\\Version20210910130022', '2021-09-10 15:00:29', 2797),
                                                                                           ('DoctrineMigrations\\Version20210910135256', '2021-09-10 15:53:05', 2009),
                                                                                           ('DoctrineMigrations\\Version20210910173121', '2021-09-10 19:31:27', 403),
                                                                                           ('DoctrineMigrations\\Version20210910175621', '2021-09-10 19:57:31', 488),
                                                                                           ('DoctrineMigrations\\Version20210910180125', '2021-09-10 20:01:45', 189),
                                                                                           ('DoctrineMigrations\\Version20210910221017', '2021-09-11 00:11:13', 2276),
                                                                                           ('DoctrineMigrations\\Version20210912200102', '2021-09-12 22:01:59', 1555),
                                                                                           ('DoctrineMigrations\\Version20210913221326', '2021-09-14 00:13:42', 4164),
                                                                                           ('DoctrineMigrations\\Version20210914230428', '2021-09-15 01:05:32', 4741),
                                                                                           ('DoctrineMigrations\\Version20210914231007', '2021-09-15 01:10:20', 278),
                                                                                           ('DoctrineMigrations\\Version20210914231929', '2021-09-15 01:19:37', 2257),
                                                                                           ('DoctrineMigrations\\Version20210915104919', '2021-09-19 17:17:42', 605),
                                                                                           ('DoctrineMigrations\\Version20210919151225', '2021-09-19 17:21:23', 167),
                                                                                           ('DoctrineMigrations\\Version20210919193803', '2021-09-22 01:20:24', 67),
                                                                                           ('DoctrineMigrations\\Version20210921231638', '2021-09-22 01:20:24', 3754),
                                                                                           ('DoctrineMigrations\\Version20210925101047', '2021-09-25 12:11:19', 1561),
                                                                                           ('DoctrineMigrations\\Version20210925203331', '2021-09-25 22:33:36', 389),
                                                                                           ('DoctrineMigrations\\Version20210926155452', '2021-09-26 17:55:03', 1834),
                                                                                           ('DoctrineMigrations\\Version20210926230241', '2021-09-27 01:02:51', 556),
                                                                                           ('DoctrineMigrations\\Version20210927004202', '2021-09-27 02:42:08', 3167),
                                                                                           ('DoctrineMigrations\\Version20210927201544', '2021-09-27 22:16:07', 3362),
                                                                                           ('DoctrineMigrations\\Version20210929165527', '2021-09-29 18:55:37', 8895),
                                                                                           ('DoctrineMigrations\\Version20210929171857', '2021-09-29 19:19:03', 4321),
                                                                                           ('DoctrineMigrations\\Version20210929172735', '2021-09-29 19:27:40', 2124),
                                                                                           ('DoctrineMigrations\\Version20210930194429', '2021-09-30 21:44:39', 1265),
                                                                                           ('DoctrineMigrations\\Version20210930195122', '2021-09-30 21:51:31', 391),
                                                                                           ('DoctrineMigrations\\Version20211001122248', '2021-10-01 14:22:56', 4464),
                                                                                           ('DoctrineMigrations\\Version20211001183636', '2021-10-01 20:36:45', 895),
                                                                                           ('DoctrineMigrations\\Version20211002132124', '2021-10-02 15:21:36', 4963),
                                                                                           ('DoctrineMigrations\\Version20211013152657', '2021-10-13 17:27:16', 2792),
                                                                                           ('DoctrineMigrations\\Version20211016140434', '2021-10-16 16:04:51', 2881),
                                                                                           ('DoctrineMigrations\\Version20211016203037', '2021-10-16 22:31:02', 1184),
                                                                                           ('DoctrineMigrations\\Version20211018153045', '2021-10-18 17:30:56', 1594),
                                                                                           ('DoctrineMigrations\\Version20211019114837', '2021-10-19 13:48:51', 2774),
                                                                                           ('DoctrineMigrations\\Version20211106110828', '2022-12-15 18:12:26', 214),
                                                                                           ('DoctrineMigrations\\Version20221215171214', '2022-12-23 02:32:31', 67),
                                                                                           ('DoctrineMigrations\\Version20221223012942', '2022-12-23 02:32:31', 366),
                                                                                           ('DoctrineMigrations\\Version20221223014308', '2022-12-23 02:43:45', 205);

-- --------------------------------------------------------

--
-- Structure de la table `document`
--

CREATE TABLE `document` (
                            `id` int(11) NOT NULL,
                            `athete_id` int(11) DEFAULT NULL,
                            `nom_document` varchar(255) DEFAULT NULL,
                            `file` varchar(255) DEFAULT NULL,
                            `filename` varchar(255) DEFAULT NULL
) ENGINE=InnoDB DEFAULT CHARSET=utf8mb4 COLLATE=utf8mb4_unicode_ci;

-- --------------------------------------------------------

--
-- Structure de la table `equipe`
--

CREATE TABLE `equipe` (
                          `id` int(11) NOT NULL,
                          `sport_id` int(11) NOT NULL,
                          `pays_id` int(11) DEFAULT NULL,
                          `name` varchar(255) DEFAULT NULL,
                          `tournoi_id` int(11) DEFAULT NULL,
                          `avatar` varchar(255) DEFAULT NULL
) ENGINE=InnoDB DEFAULT CHARSET=utf8mb4 COLLATE=utf8mb4_unicode_ci;

--
-- Déchargement des données de la table `equipe`
--

INSERT INTO `equipe` (`id`, `sport_id`, `pays_id`, `name`, `tournoi_id`, `avatar`) VALUES
                                                                                       (1, 3, 20, 'Juventus', 20, NULL),
                                                                                       (2, 3, 27, 'Chelsea', 19, NULL),
                                                                                       (3, 3, 27, 'Manchester United', 19, NULL),
                                                                                       (4, 3, 3, 'Villareal', 26, NULL),
                                                                                       (5, 3, 11, 'Bayern Munich', 18, NULL),
                                                                                       (6, 3, 33, 'Dynamo Kiev', 37, NULL),
                                                                                       (7, 3, 43, 'Benfica', 27, NULL),
                                                                                       (8, 3, 3, 'Barcelone', 26, NULL),
                                                                                       (9, 3, 13, 'RedBull SalzBurg', 39, NULL),
                                                                                       (10, 3, 9, 'LOSC', 16, NULL),
                                                                                       (11, 3, 11, 'Wolfsbourg', 18, NULL),
                                                                                       (12, 3, 3, 'FC Seville', 26, NULL),
                                                                                       (13, 3, 27, 'Celtic Glasgow', 38, NULL),
                                                                                       (14, 3, 11, 'Bayer Leverkusen', 18, NULL),
                                                                                       (15, 3, 9, 'OM', 16, NULL),
                                                                                       (16, 3, 44, 'galatasaray', 30, NULL),
                                                                                       (17, 3, 27, 'Westham', 19, NULL),
                                                                                       (18, 3, 13, 'Rapid Vienne', 39, NULL),
                                                                                       (19, 3, 23, 'Genk', 29, NULL),
                                                                                       (20, 3, 25, 'Dinamo Zagreb', 40, NULL),
                                                                                       (21, 3, 20, 'Cagliari', 20, NULL),
                                                                                       (22, 3, 20, 'Venise', 20, NULL),
                                                                                       (23, 3, 3, 'Athletic Bilbao', 26, NULL),
                                                                                       (24, 3, 3, 'Alaves', 26, NULL),
                                                                                       (25, 3, 9, 'Lens', 16, NULL),
                                                                                       (26, 3, 9, 'Reims', 16, NULL),
                                                                                       (27, 3, 11, 'Borussia Dortmund', 18, NULL),
                                                                                       (28, 3, 11, 'Augsbourg', 18, NULL),
                                                                                       (29, 3, 11, 'Hertha Berlin', 18, NULL),
                                                                                       (30, 3, 11, 'Fribourg', 18, NULL),
                                                                                       (31, 3, 9, 'Nice', 16, NULL),
                                                                                       (32, 3, 9, 'Brest', 16, NULL),
                                                                                       (33, 3, 9, 'Lorient', 16, NULL),
                                                                                       (34, 3, 9, 'Clermont', 16, NULL),
                                                                                       (35, 3, 27, 'Tottenham', 19, NULL),
                                                                                       (36, 3, 45, 'Soudan', 21, NULL),
                                                                                       (37, 3, 46, 'Guinée', 21, NULL),
                                                                                       (38, 3, 41, 'Estonie', 21, NULL),
                                                                                       (39, 3, 30, 'Slovaquie', 21, NULL),
                                                                                       (40, 3, 49, 'Angola', 21, NULL),
                                                                                       (41, 3, 50, 'Ghana', 21, NULL),
                                                                                       (42, 3, 51, 'Gabon', 21, NULL),
                                                                                       (43, 3, 52, 'Niger', 21, NULL),
                                                                                       (44, 3, 53, 'Algerie', 21, NULL),
                                                                                       (45, 3, 5, 'Afrique du Sud', 21, NULL),
                                                                                       (46, 3, 54, 'Ethiopie', 21, NULL),
                                                                                       (47, 3, 47, 'Maroc', 21, NULL),
                                                                                       (48, 3, 27, 'Watford', 19, NULL),
                                                                                       (49, 3, 27, 'Liverpool', 19, NULL),
                                                                                       (50, 3, 27, 'Burnley', 19, NULL),
                                                                                       (51, 3, 27, 'Leicester', 19, NULL),
                                                                                       (52, 3, 27, 'Norwich', 19, NULL),
                                                                                       (53, 3, 27, 'Brighton', 19, NULL),
                                                                                       (54, 3, 27, 'Aston Villa', 19, NULL),
                                                                                       (55, 3, 27, 'Wolverhampton', 19, NULL),
                                                                                       (56, 3, 27, 'Leeds', 19, NULL),
                                                                                       (57, 3, 27, 'Everton', 19, NULL),
                                                                                       (58, 3, 27, 'Arsenal', 19, NULL),
                                                                                       (59, 3, 27, 'NewCastle', 19, NULL),
                                                                                       (60, 3, 27, 'Manchester City', 19, NULL),
                                                                                       (61, 3, 27, 'Southampton', 19, NULL),
                                                                                       (62, 3, 27, 'Crystal Palace', 19, NULL),
                                                                                       (63, 3, 27, 'Brentford', 19, NULL),
                                                                                       (65, 3, 11, 'Eintracht Francfort', 18, NULL),
                                                                                       (66, 3, 11, 'RB Leipzig', 18, NULL),
                                                                                       (67, 3, 11, 'Greuther Furth', 18, NULL),
                                                                                       (68, 3, 11, 'Bochum', 18, NULL),
                                                                                       (69, 3, 11, 'Borussia M\'Gladbach', 18, NULL),
(70, 3, 11, 'Stuttgart', 18, NULL),
(71, 3, 11, 'Union Berlin', 18, NULL),
(72, 3, 11, 'Mayence', 18, NULL),
(73, 3, 11, 'Cologne', 18, NULL),
(74, 3, 11, 'Hofenheim', 18, NULL),
(75, 3, 11, 'Arminia Bielefeld', 18, NULL),
(76, 3, 20, 'Naples', 20, NULL),
(77, 3, 20, 'Inter', 20, NULL),
(78, 3, 20, 'AS Roma', 20, NULL),
(79, 3, 20, 'Fiorentina', 20, NULL),
(80, 3, 20, 'Torino', 20, NULL),
(81, 3, 20, 'Udinese', 20, NULL),
(82, 3, 20, 'Bologne', 20, NULL),
(83, 3, 20, 'Genoa', 20, NULL),
(84, 3, 20, 'Sassuolo', 20, NULL),
(85, 3, 20, 'Atalanta Bergame', 20, NULL),
(86, 3, 20, 'Empoli', 20, NULL),
(87, 3, 20, 'Sampdoria', 20, NULL),
(88, 3, 20, 'Lazio', 20, NULL),
(89, 3, 20, 'Salernitana', 20, NULL),
(90, 3, 20, 'Spezia Calcio', 20, NULL),
(91, 3, 20, 'Hellas Verone', 20, NULL),
(92, 3, 20, 'Milan AC', 20, NULL),
(93, 3, 9, 'Lille', 16, NULL),
(94, 3, 10, 'Young Boys', 31, NULL),
(95, 3, 8, 'Zenith St-PetersBurg', 28, NULL),
(96, 3, 4, 'Malmo', 14, NULL),
(97, 3, 16, 'Sparta Prague', 30, NULL),
(98, 3, 9, 'Lyon', 16, NULL),
(99, 3, 12, 'Olympiakos', 33, NULL),
(100, 3, 9, 'Lokomotiv', 28, NULL),
(101, 3, 31, 'Eindhoven', 34, NULL),
(102, 3, 9, 'monaco', 16, NULL),
(103, 2, 1, 'Hornets', 36, '58a1ecd2b80169eccdb315970b51f1a3.png'),
(104, 2, 1, 'Cavs', 36, '4db46b8173733a28e93b0ec27f7bff1d.jpg'),
(105, 2, 1, 'Lakers', 36, '94dae144b006b1f6bd1f42bba1adad7c.jpg'),
(106, 2, 1, 'OrlandoMagic', 36, NULL),
(107, 2, 1, 'Wizards', 36, NULL),
(108, 2, 1, 'Knicks', 36, NULL),
(109, 2, 1, 'Pacers', 36, NULL),
(110, 2, 1, 'Cavaliers', 36, NULL),
(111, 2, 1, 'BostonCeltics', 36, NULL),
(112, 2, 4, 'Raptors', 36, NULL),
(113, 2, 1, 'Philly76ers', 36, NULL),
(114, 2, 1, 'Brooklyn Nets', 36, NULL),
(115, 2, 1, 'ChicagoBulls', 36, NULL),
(116, 2, 1, 'Pelicans', 36, NULL),
(117, 2, 1, 'Rockets', 36, NULL),
(118, 2, 1, 'OKC', 36, NULL),
(119, 2, 1, 'Nuggets', 36, NULL),
(120, 2, 1, 'Spurs', 36, NULL),
(121, 2, 1, 'Suns', 36, NULL),
(122, 2, 1, 'Warriors', 36, NULL),
(123, 2, 1, 'Utah Jazz', 36, NULL),
(124, 3, 9, 'PSG', 16, NULL),
(125, 3, 9, 'Angers', 16, NULL),
(126, 3, 9, 'Montpellier', 16, NULL),
(127, 3, 9, 'Strasbourg', 16, NULL),
(128, 3, 9, 'Troyes', 16, NULL),
(129, 3, 9, 'Bordeaux', 16, NULL),
(130, 3, 9, 'Saint-Etienne', 16, NULL),
(131, 3, 9, 'Rennes', 16, NULL),
(132, 3, 9, 'Nantes', 16, NULL),
(133, 3, 3, 'Real Sociedad', 26, NULL),
(134, 3, 3, 'Osasuna', 26, NULL),
(135, 3, 3, 'Rayo', 26, NULL),
(136, 3, 3, 'Betis Seville', 26, NULL),
(137, 3, 3, 'Valence', 26, NULL),
(138, 3, 3, 'Espanyol', 26, NULL),
(139, 3, 3, 'Cadix', 26, NULL),
(140, 3, 3, 'Elche', 26, NULL),
(141, 2, 1, 'Pistons', 36, NULL),
(142, 2, 1, 'Kings', 36, NULL),
(143, 2, 1, 'Bucks', 36, NULL);

-- --------------------------------------------------------

--
-- Structure de la table `equipe_athlete`
--

CREATE TABLE `equipe_athlete` (
  `equipe_id` int(11) NOT NULL,
  `athlete_id` int(11) NOT NULL
) ENGINE=InnoDB DEFAULT CHARSET=utf8mb4 COLLATE=utf8mb4_unicode_ci;

--
-- Déchargement des données de la table `equipe_athlete`
--

INSERT INTO `equipe_athlete` (`equipe_id`, `athlete_id`) VALUES
(28, 3);

-- --------------------------------------------------------

--
-- Structure de la table `formule`
--

CREATE TABLE `formule` (
  `id` int(11) NOT NULL,
  `name` varchar(255) NOT NULL
) ENGINE=InnoDB DEFAULT CHARSET=utf8mb4 COLLATE=utf8mb4_unicode_ci;

--
-- Déchargement des données de la table `formule`
--

INSERT INTO `formule` (`id`, `name`) VALUES
(1, 'simple'),
(2, 'combiné'),
(3, 'multiple');

-- --------------------------------------------------------

--
-- Structure de la table `formulepari`
--

CREATE TABLE `formulepari` (
  `id` int(11) NOT NULL,
  `name` varchar(255) NOT NULL
) ENGINE=InnoDB DEFAULT CHARSET=utf8mb4 COLLATE=utf8mb4_unicode_ci;

-- --------------------------------------------------------

--
-- Structure de la table `game`
--

CREATE TABLE `game` (
  `id` int(11) NOT NULL,
  `created` datetime DEFAULT NULL,
  `updated` datetime DEFAULT NULL,
  `name` varchar(255) DEFAULT NULL,
  `formule_id` int(11) DEFAULT NULL,
  `parieur_id` int(11) DEFAULT NULL,
  `cote_totale` double DEFAULT NULL,
  `mise` double DEFAULT NULL,
  `resultat` enum('en attente','gagnant','perdant') DEFAULT NULL,
  `gain` double DEFAULT NULL,
  `isConfirm` tinyint(1) DEFAULT NULL,
  `isArchived` tinyint(1) DEFAULT NULL,
  `parent_id` int(11) DEFAULT NULL
) ENGINE=InnoDB DEFAULT CHARSET=utf8mb4 COLLATE=utf8mb4_unicode_ci;

--
-- Déchargement des données de la table `game`
--

INSERT INTO `game` (`id`, `created`, `updated`, `name`, `formule_id`, `parieur_id`, `cote_totale`, `mise`, `resultat`, `gain`, `isConfirm`, `isArchived`, `parent_id`) VALUES
(1, '2021-09-21 11:15:00', '2021-09-27 01:51:09', 'test', 2, 2, 6.30905625, NULL, 'en attente', NULL, 0, 1, NULL),
(2, '2021-09-21 15:01:38', '2021-09-26 17:20:20', 'chelou', 2, 2, 8.79, 1, 'perdant', NULL, 1, 1, NULL),
(3, '2021-09-21 11:04:36', '2021-09-27 01:50:52', 'lundi', 2, 2, 16.416, 0, 'en attente', NULL, 0, 1, NULL),
(4, '2021-09-21 17:48:55', '2021-09-27 01:43:17', 'mardiChill', 1, 2, 1, NULL, 'en attente', NULL, 0, 1, NULL),
(5, '2021-09-21 17:48:57', '2021-09-27 01:43:01', 'mardiChill', 1, 2, 1, NULL, 'en attente', NULL, 0, 1, NULL),
(6, '2021-09-22 01:33:48', '2021-09-25 16:34:45', 'mardiChill1', 1, 2, 2.45, 1, 'gagnant', 2.45, 1, 1, NULL),
(7, '2021-09-27 15:21:26', '2021-09-27 15:27:51', 'lundiDeter', 1, 2, 2.8, 1, 'en attente', NULL, 1, 1, NULL),
(8, '2021-09-27 15:52:59', '2021-09-27 16:08:28', 'lundiDeter2', 2, 2, 5.65, 1, 'en attente', NULL, 1, 1, NULL),
(9, '2021-09-27 16:21:19', '2021-10-16 01:33:33', 'lundiDeter3', 3, 2, 1, 1, 'en attente', NULL, 0, 1, NULL),
(10, '2021-09-27 18:22:17', NULL, 'test', 2, 2, 7.4, 1, NULL, NULL, NULL, 1, 9),
(11, '2021-09-27 21:13:36', NULL, 'leLundi', 3, NULL, NULL, 1, 'en attente', NULL, NULL, 1, NULL),
(12, '2021-09-28 12:34:57', NULL, 'Combi3LeLundi', 2, NULL, 6.642, 1, NULL, NULL, 1, 1, 11),
(13, '2021-09-28 12:34:57', NULL, 'double1-du-28-09-2021/12:34:57', 2, 2, 3.69, 1, NULL, NULL, 1, 1, 11),
(14, '2021-09-28 12:34:57', NULL, 'double2-du-28-09-2021/12:34:57', 2, 2, 3.24, 1, NULL, NULL, 1, 1, 11),
(15, '2021-09-28 12:34:57', NULL, 'double3-du-28-09-2021/12:34:57', 2, 2, 3.69, 1, NULL, NULL, 1, 1, 11),
(16, '2021-09-30 11:03:03', NULL, 'jeudi300921', 1, 2, 1.9, 2, 'perdant', NULL, 1, 1, NULL),
(17, '2021-09-30 22:14:46', '2021-10-01 11:40:53', 'scorexactOMGALATASRAY', 1, 2, 4.5, 1, 'gagnant', 4.5, 1, 1, NULL),
(18, '2021-09-30 22:17:54', '2021-10-01 13:27:06', 'systemEuropeLeague', 3, 2, 64.8, 1, NULL, NULL, NULL, 1, NULL),
(19, '2021-10-01 13:40:21', NULL, 'testFriday', 3, NULL, NULL, 1, 'en attente', NULL, NULL, 1, NULL),
(20, '2021-10-01 13:45:23', '2021-10-01 13:51:16', 'Test2Friday', 3, 2, 14.4, 1, NULL, NULL, NULL, 1, NULL),
(21, '2021-10-01 14:18:33', '2021-10-01 14:58:55', 'titi', 3, 2, 1, 1, NULL, NULL, NULL, 1, NULL),
(22, '2021-10-01 19:54:49', '2021-10-03 02:22:07', NULL, 3, 2, 34.56, 1, NULL, NULL, NULL, 1, NULL),
(23, '2021-10-05 01:12:17', NULL, 'Combi3', 2, NULL, 34.56, 1, NULL, NULL, 1, 1, 22),
(24, '2021-10-05 01:12:17', NULL, 'double1-du-05-10-2021/01:12:17', 2, 2, 19.2, 1, NULL, NULL, 1, 1, 22),
(25, '2021-10-05 01:12:17', NULL, 'double2-du-05-10-2021/01:12:17', 2, 2, 5.76, 1, NULL, NULL, 1, 1, 22),
(26, '2021-10-05 01:12:17', NULL, 'double3-du-05-10-2021/01:12:17', 2, 2, 10.8, 1, NULL, NULL, 1, 1, 22),
(27, '2021-10-06 20:21:18', NULL, 'mittwoch', 1, 2, 0, 1, 'en attente', NULL, 1, 1, NULL),
(28, '2021-10-07 00:51:46', NULL, 'jeud', 1, 2, 2.21, 1, 'en attente', NULL, 1, 1, NULL),
(29, '2021-10-07 00:59:42', NULL, 'jeudisystem', 3, 2, NULL, 1, 'en attente', NULL, NULL, 1, NULL),
(30, '2021-10-07 01:02:51', NULL, 'Combi0Jeudisystem', 2, 2, 9.72179, 1, NULL, NULL, 1, 1, 29),
(31, '2021-10-07 01:02:51', NULL, 'double1-du-07-10-2021/01:02:51', 2, 2, 4.399, 1, NULL, NULL, 1, 1, 29),
(32, '2021-10-07 01:02:51', NULL, 'double2-du-07-10-2021/01:02:51', 2, 2, 5.8565, 1, 'perdant', 0, 1, 1, 29),
(33, '2021-10-07 01:02:51', NULL, 'double3-du-07-10-2021/01:02:51', 2, 2, 3.6686, 1, NULL, NULL, 1, 1, 29),
(34, '2021-10-08 18:22:51', NULL, 'GABON', 1, 2, 2.58, 10, 'perdant', 0, 1, 1, NULL),
(35, '2021-10-12 21:13:44', NULL, NULL, 1, 2, 13, 3, 'perdant', 0, 1, 1, NULL),
(36, '2021-10-13 08:19:39', '2021-10-16 01:35:24', 'testIndiaWells', 1, 2, 2.05, 1, 'gagnant', 2.05, 1, 1, NULL),
(37, '2021-10-13 08:21:04', NULL, 'IndiaWells', 3, NULL, NULL, 1, 'en attente', NULL, NULL, 1, NULL),
(38, '2021-10-13 08:21:13', NULL, 'Combi0IndiaWells', 2, NULL, 16.431775, 1, 'perdant', 0, 1, 1, 37),
(39, '2021-10-13 08:21:13', NULL, 'double1-du-13-10-2021/08:21:13', 2, 2, 4.2025, 1, NULL, NULL, 1, 1, 37),
(40, '2021-10-13 08:21:13', NULL, 'double2-du-13-10-2021/08:21:13', 2, 2, 8.0155, 1, 'perdant', 0, 1, 1, 37),
(41, '2021-10-13 08:21:13', NULL, 'double3-du-13-10-2021/08:21:13', 2, 2, 8.0155, 1, 'perdant', 0, 1, 1, 37),
(42, '2021-10-13 12:38:50', '2022-12-20 17:19:30', 'testmier', 1, 2, 1, 2, NULL, 0, 0, 1, NULL),
(43, '2021-10-15 00:36:49', '2021-10-15 00:46:21', 'testlol', 1, 2, 3.32, 1, 'gagnant', 3.32, 1, 1, NULL),
(44, '2021-10-15 00:48:25', '2021-10-15 15:52:02', 'combitesti', 2, 2, 2.05, 1, 'gagnant', 2.05, 1, 1, NULL),
(45, '2021-10-15 13:42:57', '2021-10-15 13:50:29', 'check', 1, 2, 3.75, 1, 'gagnant', 3.75, 1, 1, NULL),
(46, '2021-10-15 13:58:44', '2021-10-15 13:59:21', 'testil', 1, 2, 2.33, 1, 'gagnant', 2.33, 1, 1, NULL),
(47, '2021-10-15 15:54:47', NULL, 'combivendr', 1, NULL, NULL, NULL, 'en attente', NULL, NULL, 1, NULL),
(48, '2021-10-15 15:54:48', NULL, 'combivendr', 1, NULL, NULL, NULL, 'en attente', NULL, NULL, 1, NULL),
(49, '2021-10-15 15:54:49', NULL, 'combivendr', 1, NULL, NULL, NULL, 'en attente', NULL, NULL, 1, NULL),
(50, '2021-10-15 15:54:50', NULL, 'combivendr', 1, NULL, NULL, NULL, 'en attente', NULL, NULL, 1, NULL),
(51, '2021-10-15 15:54:52', NULL, 'combivendr', 1, NULL, NULL, NULL, 'en attente', NULL, NULL, 1, NULL),
(52, '2021-10-15 15:58:33', '2021-10-15 15:59:16', 'combifriday', 2, 2, 1, 1, 'en attente', NULL, 0, 1, NULL),
(53, '2021-10-15 16:03:13', '2021-10-16 01:42:59', 'Federer', 2, NULL, NULL, 1, 'gagnant', 0, NULL, 1, NULL),
(54, '2021-10-15 16:07:02', '2021-10-15 17:09:28', 'coteOut', 2, NULL, 20.944, 1, 'gagnant', 20.944, NULL, 1, NULL),
(55, '2021-10-15 16:14:27', '2021-10-15 16:18:09', 'sim', 1, NULL, 1.55, 1, 'gagnant', 1.55, NULL, 1, NULL),
(56, '2021-10-16 01:50:57', NULL, 'multipleminuit', 3, 2, 12.648, 1, 'en attente', NULL, NULL, 1, NULL),
(57, '2021-10-16 01:51:18', NULL, 'Combi0Multipleminuit', 2, 2, 12.648, 1, NULL, NULL, NULL, 1, 56),
(58, '2021-10-16 01:51:18', NULL, 'double1-du-16-10-2021/01:51:18', 2, 2, 7.905, 1, NULL, NULL, 1, 1, 56),
(59, '2021-10-16 01:51:18', NULL, 'double2-du-16-10-2021/01:51:18', 2, 2, 8.16, 1, NULL, NULL, 1, 1, 56),
(60, '2021-10-16 01:51:18', NULL, 'double3-du-16-10-2021/01:51:18', 2, 2, 2.48, 1, NULL, NULL, 1, 1, 56),
(61, '2021-10-16 02:12:30', NULL, 'transac', 3, 2, 33.66, 1, 'en attente', NULL, NULL, 1, NULL),
(62, '2021-10-16 02:12:45', NULL, 'Combi0Transac', 2, 2, 33.66, 1, NULL, NULL, 1, 1, 61),
(63, '2021-10-16 02:12:45', NULL, 'double1-du-16-10-2021/02:12:45', 2, 2, 18.7, 1, NULL, NULL, 1, 1, 61),
(64, '2021-10-16 02:12:45', NULL, 'double2-du-16-10-2021/02:12:45', 2, 2, 19.8, 1, NULL, NULL, 1, 1, 61),
(65, '2021-10-16 02:12:45', NULL, 'double3-du-16-10-2021/02:12:45', 2, 2, 3.06, 1, NULL, NULL, 1, 1, 61),
(66, '2021-10-16 02:26:19', '2021-10-17 02:06:11', 'doubleJabeurAzarenka', 2, 2, 4.28, 5, 'perdant', NULL, 1, 1, NULL),
(67, '2021-10-16 02:32:07', '2021-10-17 02:18:58', 'AzarJabeur2-1', 2, 2, 7.63, 5, 'perdant', NULL, 1, 1, NULL),
(68, '2021-10-16 02:34:38', '2021-10-17 02:23:07', 'AzarBadosa', 2, 2, 6.38, 3, 'perdant', NULL, 1, 1, NULL),
(69, '2021-10-16 02:36:12', '2021-10-17 02:24:01', 'OstaBadosa2-1', 2, 2, 23.59, 3, 'perdant', NULL, 1, 1, NULL),
(70, '2021-10-16 02:41:31', '2021-10-17 02:25:01', 'ScoreExactJabeurAzar', 2, 2, 30.36, 1, 'perdant', NULL, 1, 1, NULL),
(71, '2021-10-16 02:43:54', '2021-10-17 02:25:01', 'tired', 2, 2, 30.3601, 1, 'perdant', NULL, 1, 1, NULL),
(72, '2021-10-16 02:51:13', '2021-10-17 02:26:27', 'azaBadosa', 2, 2, 99.11, 1, 'perdant', NULL, 1, 1, NULL),
(73, '2021-10-16 02:52:44', '2021-10-17 02:27:23', 'OstapenkaBadosa', 2, 2, 210, 1, 'perdant', NULL, 1, 1, NULL),
(74, '2021-10-17 00:37:17', '2021-10-17 02:28:11', 'simplemilan', 1, 2, 8, 3, 'perdant', NULL, NULL, 1, NULL),
(75, '2021-10-17 00:38:26', '2021-10-17 02:34:41', 'simplemilan2', 1, 2, 7, 3, 'perdant', NULL, 1, 1, NULL),
(76, '2021-10-17 00:38:59', '2021-10-17 02:36:11', '1', 1, 2, 7, 1, 'perdant', NULL, NULL, 1, NULL),
(77, '2021-10-18 19:49:28', '2021-10-19 12:56:22', NULL, 2, 2, 4.7264, 1, 'perdant', 0, 1, 1, NULL),
(78, '2021-10-19 13:37:02', NULL, '13:37:02 2021-10-19', 3, 2, 10.3455, 1, 'en attente', NULL, NULL, 1, NULL),
(79, '2021-10-19 13:38:21', NULL, 'Combi013:37:02 2021-10-19', 2, 2, 10.3455, 1, NULL, NULL, 1, 1, 78),
(80, '2021-10-19 13:38:21', NULL, 'double1-du-19-10-2021/13:38:21', 2, 2, 3.63, 1, NULL, NULL, 1, 1, 78),
(81, '2021-10-19 13:38:21', NULL, 'double2-du-19-10-2021/13:38:21', 2, 2, 4.7025, 1, NULL, NULL, 1, 1, 78),
(82, '2021-10-19 13:38:22', NULL, 'double3-du-19-10-2021/13:38:21', 2, 2, 6.27, 1, NULL, NULL, 1, 1, 78),
(83, '2021-10-20 13:46:21', NULL, '13:46:21 2021-10-20', 1, 2, 2.15, 5, 'en attente', NULL, NULL, 1, NULL),
(84, '2021-10-20 14:05:01', NULL, '14:05:01 2021-10-20', 3, 2, 118.370771, 1, 'en attente', NULL, NULL, 1, NULL),
(85, '2021-10-20 14:07:34', NULL, '14:07:34 2021-10-20', 3, 2, 22.702925, 1, 'en attente', NULL, 1, 1, NULL),
(86, '2021-10-20 16:02:08', NULL, 'Combi014:07:34 2021-10-20', 2, 2, 22.702925, 1, NULL, NULL, 1, 1, 85),
(87, '2021-10-20 16:02:08', NULL, 'double1-du-20-10-2021/16:02:08', 2, 2, 5.2675, 1, NULL, NULL, 1, 1, 85),
(88, '2021-10-20 16:02:08', NULL, 'double2-du-20-10-2021/16:02:08', 2, 2, 10.5595, 1, NULL, NULL, 1, 1, 85),
(89, '2021-10-20 16:02:08', NULL, 'double3-du-20-10-2021/16:02:08', 2, 2, 9.2665, 1, NULL, NULL, 1, 1, 85),
(90, '2021-10-20 19:10:10', NULL, '19:10:10 2021-10-20', 3, 2, 17.30715, 1, 'en attente', NULL, 1, 1, NULL),
(91, '2021-10-20 19:11:55', NULL, 'Combi019:10:10 2021-10-20', 2, 2, 17.30715, 1, NULL, NULL, 1, 1, 90),
(92, '2021-10-20 19:11:55', NULL, 'double1-du-20-10-2021/19:11:55', 2, 2, 11.5381, 1, NULL, NULL, 1, 1, 90),
(93, '2021-10-20 19:11:55', NULL, 'double2-du-20-10-2021/19:11:55', 2, 2, 5.565, 1, NULL, NULL, 1, 1, 90),
(94, '2021-10-20 19:11:55', NULL, 'double3-du-20-10-2021/19:11:55', 2, 2, 4.665, 1, NULL, NULL, 1, 1, 90),
(95, '2021-10-20 20:40:12', NULL, '20:40:12 2021-10-20', 3, 2, 989.625, 1, 'en attente', NULL, 1, 1, NULL),
(96, '2021-10-20 20:40:30', NULL, 'Combi020:40:12 2021-10-20', 2, 2, 989.625, 1, NULL, NULL, 1, 1, 95),
(97, '2021-10-20 20:40:30', NULL, 'double1-du-20-10-2021/20:40:30', 2, 2, 76.125, 1, NULL, NULL, 1, 1, 95),
(98, '2021-10-20 20:40:30', NULL, 'double2-du-20-10-2021/20:40:30', 2, 2, 136.5, 1, NULL, NULL, 1, 1, 95),
(99, '2021-10-20 20:40:30', NULL, 'double3-du-20-10-2021/20:40:30', 2, 2, 94.25, 1, NULL, NULL, 1, 1, 95),
(100, '2021-10-20 20:41:27', NULL, '20:41:27 2021-10-20', 1, 2, 2.41, 10, 'en attente', NULL, 1, 1, NULL),
(101, '2021-10-20 20:43:11', NULL, '20:43:11 2021-10-20', 1, 2, 41.475, 1, 'en attente', NULL, 1, 1, NULL),
(102, '2021-10-20 20:54:01', NULL, '20:54:01 2021-10-20', 2, 2, 13.83960816, 1, 'en attente', NULL, NULL, 1, NULL),
(103, '2021-10-21 12:31:37', NULL, '12:31:37 2021-10-21', 3, 2, 10.648, 3, 'en attente', NULL, 1, 1, NULL),
(104, '2021-10-21 12:31:50', NULL, 'Combi012:31:37 2021-10-21', 2, 2, 10.648, 3, NULL, NULL, 1, 1, 103),
(105, '2021-10-21 12:31:50', NULL, 'double1-du-21-10-2021/12:31:50', 2, 2, 4.84, 3, NULL, NULL, 1, 1, 103),
(106, '2021-10-21 12:31:50', NULL, 'double2-du-21-10-2021/12:31:50', 2, 2, 4.84, 3, NULL, NULL, 1, 1, 103),
(107, '2021-10-21 12:31:50', NULL, 'double3-du-21-10-2021/12:31:50', 2, 2, 4.84, 3, NULL, NULL, 1, 1, 103),
(108, '2021-10-21 12:33:30', NULL, '12:33:30 2021-10-21', 3, 2, 46.656, 2, 'en attente', NULL, 1, 1, NULL),
(109, '2021-10-21 12:33:38', NULL, 'Combi012:33:30 2021-10-21', 2, 2, 46.656, 2, NULL, NULL, 1, 1, 108),
(110, '2021-10-21 12:33:38', NULL, 'double1-du-21-10-2021/12:33:38', 2, 2, 12.96, 2, NULL, NULL, 1, 1, 108),
(111, '2021-10-21 12:33:38', NULL, 'double2-du-21-10-2021/12:33:38', 2, 2, 12.96, 2, NULL, NULL, 1, 1, 108),
(112, '2021-10-21 12:33:38', NULL, 'double3-du-21-10-2021/12:33:38', 2, 2, 12.96, 2, NULL, NULL, 1, 1, 108),
(113, '2021-10-21 12:35:21', NULL, '12:35:21 2021-10-21', 3, 2, 38.808, 1, 'en attente', NULL, 1, 1, NULL),
(114, '2021-10-21 12:35:31', NULL, 'Combi012:35:21 2021-10-21', 2, 2, 38.808, 1, NULL, NULL, 1, 1, 113),
(115, '2021-10-21 12:35:31', NULL, 'double1-du-21-10-2021/12:35:31', 2, 2, 9.24, 1, NULL, NULL, 1, 1, 113),
(116, '2021-10-21 12:35:31', NULL, 'double2-du-21-10-2021/12:35:31', 2, 2, 9.24, 1, NULL, NULL, 1, 1, 113),
(117, '2021-10-21 12:35:31', NULL, 'double3-du-21-10-2021/12:35:31', 2, 2, 17.64, 1, NULL, NULL, 1, 1, 113),
(118, '2021-10-21 12:37:05', NULL, '12:37:05 2021-10-21', 3, 2, 123.192391, 1, 'en attente', NULL, 1, 1, NULL),
(119, '2021-10-21 12:37:17', NULL, 'Combi012:37:05 2021-10-21', 2, 2, 123.192391, 1, NULL, NULL, 1, 1, 118),
(120, '2021-10-21 12:37:17', NULL, 'double1-du-21-10-2021/12:37:17', 2, 2, 25.0901, 1, NULL, NULL, 1, 1, 118),
(121, '2021-10-21 12:37:17', NULL, 'double2-du-21-10-2021/12:37:17', 2, 2, 25.0901, 1, NULL, NULL, 1, 1, 118),
(122, '2021-10-21 12:37:17', NULL, 'double3-du-21-10-2021/12:37:17', 2, 2, 24.1081, 1, NULL, NULL, 1, 1, 118),
(123, '2021-10-21 12:39:22', NULL, '12:39:22 2021-10-21', 3, 2, 244.140625, 0.5, 'en attente', NULL, 1, 1, NULL),
(124, '2021-10-21 12:39:30', NULL, 'Combi012:39:22 2021-10-21', 2, 2, 244.140625, 0.5, NULL, NULL, 1, 1, 123),
(125, '2021-10-21 12:39:30', NULL, 'double1-du-21-10-2021/12:39:30', 2, 2, 39.0625, 0.5, NULL, NULL, 1, 1, 123),
(126, '2021-10-21 12:39:30', NULL, 'double2-du-21-10-2021/12:39:30', 2, 2, 39.0625, 0.5, NULL, NULL, 1, 1, 123),
(127, '2021-10-21 12:39:30', NULL, 'double3-du-21-10-2021/12:39:30', 2, 2, 39.0625, 0.5, NULL, NULL, 1, 1, 123),
(128, '2021-10-21 20:45:38', NULL, '20:45:38 2021-10-21', 2, 2, 22.4176723875, 1, 'en attente', NULL, NULL, 1, NULL),
(129, '2021-10-21 20:47:54', NULL, '20:47:54 2021-10-21', 3, 2, 61.629875, 0.5, 'en attente', NULL, 1, 1, NULL),
(130, '2021-10-21 20:48:07', NULL, 'Combi020:47:54 2021-10-21', 2, 2, 61.629875, 0.5, NULL, NULL, 1, 1, 129),
(131, '2021-10-21 20:48:07', NULL, 'double1-du-21-10-2021/20:48:07', 2, 2, 15.6025, 0.5, NULL, NULL, 1, 1, 129),
(132, '2021-10-21 20:48:07', NULL, 'double2-du-21-10-2021/20:48:07', 2, 2, 15.6025, 0.5, NULL, NULL, 1, 1, 129),
(133, '2021-10-21 20:48:07', NULL, 'double3-du-21-10-2021/20:48:07', 2, 2, 15.6025, 0.5, NULL, NULL, 1, 1, 129),
(134, '2021-10-21 20:51:53', NULL, '20:51:53 2021-10-21', 3, 2, 455.625, 1, 'en attente', NULL, 1, 1, NULL),
(135, '2021-10-21 20:52:05', NULL, 'Combi020:51:53 2021-10-21', 2, 2, 455.625, 1, NULL, NULL, 1, 1, 134),
(136, '2021-10-21 20:52:05', NULL, 'double1-du-21-10-2021/20:52:05', 2, 2, 33.75, 1, NULL, NULL, 1, 1, 134),
(137, '2021-10-21 20:52:05', NULL, 'double2-du-21-10-2021/20:52:05', 2, 2, 121.5, 1, NULL, NULL, 1, 1, 134),
(138, '2021-10-21 20:52:05', NULL, 'double3-du-21-10-2021/20:52:05', 2, 2, 50.625, 1, NULL, NULL, 1, 1, 134),
(139, '2021-10-21 20:55:45', NULL, '20:55:45 2021-10-21', 3, 2, 1217.28, 0.5, 'en attente', NULL, 1, 1, NULL),
(140, '2021-10-21 20:56:05', NULL, 'Combi020:55:45 2021-10-21', 2, 2, 1217.28, 0.5, NULL, NULL, 1, 1, 139),
(141, '2021-10-21 20:56:05', NULL, 'double1-du-21-10-2021/20:56:05', 2, 2, 76.08, 0.5, NULL, NULL, 1, 1, 139),
(142, '2021-10-21 20:56:05', NULL, 'double2-du-21-10-2021/20:56:05', 2, 2, 128, 0.5, NULL, NULL, 1, 1, 139),
(143, '2021-10-21 20:56:05', NULL, 'double3-du-21-10-2021/20:56:05', 2, 2, 152.16, 0.5, NULL, NULL, 1, 1, 139),
(144, '2021-10-21 20:58:36', NULL, '20:58:36 2021-10-21', 1, 2, 16, 1, 'en attente', NULL, NULL, 1, NULL),
(145, '2021-10-21 21:01:32', NULL, '21:01:32 2021-10-21', 2, 2, 22.4176723875, 1, 'en attente', NULL, 1, 1, NULL),
(146, '2021-10-21 23:34:56', NULL, '23:34:56 2021-10-21', 3, 2, 22.4176723875, 1, 'en attente', NULL, NULL, 1, NULL),
(147, '2021-10-23 02:46:05', NULL, '02:46:05 2021-10-23', 3, 2, 1667.9880978201, 1, 'en attente', NULL, 1, 1, NULL),
(148, '2021-10-23 02:46:20', NULL, 'Combi002:46:05 2021-10-23', 2, 2, 1667.9880978201, 1, NULL, NULL, 1, 1, 147),
(149, '2021-10-23 02:46:21', NULL, 'double1-du-23-10-2021/02:46:21', 2, 2, 19.4481, 1, NULL, NULL, 1, 1, 147),
(150, '2021-10-23 02:46:21', NULL, 'double2-du-23-10-2021/02:46:21', 2, 2, 19.4481, 1, NULL, NULL, 1, 1, 147),
(151, '2021-10-23 02:48:39', NULL, 'Combi002:46:05 2021-10-23', 2, 2, 1667.9880978201, 1, NULL, NULL, 1, 1, 147),
(152, '2021-10-23 02:48:40', NULL, 'double1-du-23-10-2021/02:48:40', 2, 2, 19.4481, 1, NULL, NULL, 1, 1, 147),
(153, '2021-10-23 02:48:40', NULL, 'double2-du-23-10-2021/02:48:40', 2, 2, 19.4481, 1, NULL, NULL, 1, 1, 147),
(154, '2021-10-23 02:48:40', NULL, 'double3-du-23-10-2021/02:48:40', 2, 2, 19.4481, 1, NULL, NULL, 1, 1, 147),
(155, NULL, NULL, 'double4-du-23-10-2021/02:48:40', NULL, NULL, NULL, NULL, NULL, NULL, NULL, NULL, 147),
(156, '2021-10-23 02:48:40', NULL, 'double4-du-23-10-2021/02:48:40', 2, 2, 19.4481, 1, NULL, NULL, 1, NULL, 147),
(157, '2021-10-23 02:48:40', NULL, 'double4-du-23-10-2021/02:48:40', 2, 2, 19.4481, 1, NULL, NULL, 1, NULL, 147),
(158, '2021-10-23 02:48:40', NULL, 'double4-du-23-10-2021/02:48:40', 2, 2, 19.4481, 1, NULL, NULL, 1, NULL, 147),
(159, '2021-10-23 15:00:20', NULL, '15:00:20 2021-10-23', 2, 2, 24058.51875, 1, 'en attente', NULL, NULL, NULL, NULL),
(160, '2021-10-23 15:01:16', '2021-10-23 15:02:05', '15:01:16 2021-10-23', 2, 2, 1, 1, NULL, NULL, 1, NULL, NULL),
(161, '2022-12-17 01:11:31', '2022-12-19 21:41:46', '17-12-2022 01:11:31', 1, 2, 1, 7, 'perdant', 0, 1, 0, NULL),
(162, '2022-12-21 11:48:18', '2022-12-21 11:49:39', '21-12-2022 11:48:18', 1, 2, 10, 2, 'gagnant', 20, 1, 1, NULL);

-- --------------------------------------------------------

--
-- Structure de la table `game_pronostic`
--

CREATE TABLE `game_pronostic` (
  `game_id` int(11) NOT NULL,
  `pronostic_id` int(11) NOT NULL
) ENGINE=InnoDB DEFAULT CHARSET=utf8mb4 COLLATE=utf8mb4_unicode_ci;

--
-- Déchargement des données de la table `game_pronostic`
--

INSERT INTO `game_pronostic` (`game_id`, `pronostic_id`) VALUES
(21, 44),
(21, 45),
(21, 46),
(22, 46),
(22, 47),
(22, 48),
(23, 46),
(23, 47),
(23, 48),
(24, 46),
(24, 47),
(25, 46),
(25, 48),
(26, 47),
(26, 48),
(27, 50),
(28, 53),
(29, 51),
(29, 52),
(29, 53),
(30, 51),
(30, 52),
(30, 53),
(31, 51),
(31, 52),
(32, 51),
(32, 53),
(33, 52),
(33, 53),
(34, 54),
(35, 55),
(36, 58),
(36, 60),
(36, 61),
(37, 58),
(37, 60),
(37, 61),
(38, 58),
(38, 60),
(38, 61),
(39, 58),
(39, 60),
(40, 58),
(40, 61),
(41, 60),
(41, 61),
(42, 62),
(43, 63),
(44, 58),
(44, 59),
(45, 3),
(46, 64),
(52, 62),
(52, 63),
(52, 64),
(53, 65),
(53, 66),
(53, 67),
(54, 69),
(54, 70),
(54, 71),
(55, 72),
(56, 74),
(56, 75),
(56, 77),
(57, 74),
(57, 75),
(57, 77),
(58, 74),
(58, 75),
(59, 74),
(59, 77),
(60, 75),
(60, 77),
(61, 78),
(61, 80),
(61, 83),
(62, 78),
(62, 80),
(62, 83),
(63, 78),
(63, 80),
(64, 78),
(64, 83),
(65, 80),
(65, 83),
(66, 84),
(66, 85),
(67, 87),
(67, 89),
(68, 90),
(68, 92),
(69, 93),
(69, 94),
(70, 95),
(70, 96),
(71, 95),
(71, 96),
(72, 97),
(72, 98),
(73, 100),
(73, 101),
(74, 102),
(75, 103),
(76, 104),
(77, 105),
(77, 106),
(78, 108),
(78, 109),
(78, 110),
(79, 108),
(79, 109),
(79, 110),
(80, 108),
(80, 109),
(81, 108),
(81, 110),
(82, 109),
(82, 110),
(83, 112),
(84, 114),
(84, 115),
(84, 116),
(85, 118),
(85, 119),
(85, 120),
(86, 118),
(86, 119),
(86, 120),
(87, 118),
(87, 119),
(88, 118),
(88, 120),
(89, 119),
(89, 120),
(90, 121),
(90, 122),
(90, 123),
(91, 121),
(91, 122),
(91, 123),
(92, 121),
(92, 122),
(93, 121),
(93, 123),
(94, 122),
(94, 123),
(95, 125),
(95, 126),
(95, 127),
(96, 125),
(96, 126),
(96, 127),
(97, 125),
(97, 126),
(98, 125),
(98, 127),
(99, 126),
(99, 127),
(100, 129),
(101, 124),
(101, 125),
(102, 128),
(102, 131),
(102, 132),
(102, 133),
(102, 134),
(103, 135),
(103, 136),
(103, 137),
(104, 135),
(104, 136),
(104, 137),
(105, 135),
(105, 136),
(106, 135),
(106, 137),
(107, 136),
(107, 137),
(108, 138),
(108, 139),
(108, 140),
(109, 138),
(109, 139),
(109, 140),
(110, 138),
(110, 139),
(111, 138),
(111, 140),
(112, 139),
(112, 140),
(113, 141),
(113, 142),
(113, 143),
(114, 141),
(114, 142),
(114, 143),
(115, 141),
(115, 142),
(116, 141),
(116, 143),
(117, 142),
(117, 143),
(118, 144),
(118, 145),
(118, 146),
(119, 144),
(119, 145),
(119, 146),
(120, 144),
(120, 145),
(121, 144),
(121, 146),
(122, 145),
(122, 146),
(123, 147),
(123, 149),
(123, 150),
(124, 147),
(124, 149),
(124, 150),
(125, 147),
(125, 149),
(126, 147),
(126, 150),
(127, 149),
(127, 150),
(128, 151),
(128, 152),
(128, 153),
(128, 154),
(128, 155),
(129, 157),
(129, 158),
(129, 159),
(130, 157),
(130, 158),
(130, 159),
(131, 157),
(131, 158),
(132, 157),
(132, 159),
(133, 158),
(133, 159),
(134, 160),
(134, 161),
(134, 162),
(135, 160),
(135, 161),
(135, 162),
(136, 160),
(136, 161),
(137, 160),
(137, 162),
(138, 161),
(138, 162),
(139, 163),
(139, 164),
(139, 165),
(140, 163),
(140, 164),
(140, 165),
(141, 163),
(141, 164),
(142, 163),
(142, 165),
(143, 164),
(143, 165),
(144, 165),
(145, 166),
(145, 167),
(145, 168),
(145, 170),
(145, 171),
(146, 166),
(146, 167),
(146, 168),
(146, 170),
(146, 171),
(147, 173),
(147, 174),
(147, 175),
(147, 176),
(147, 177),
(148, 173),
(148, 174),
(148, 175),
(148, 176),
(148, 177),
(149, 173),
(149, 174),
(150, 173),
(150, 175),
(151, 173),
(151, 174),
(151, 175),
(151, 176),
(151, 177),
(152, 173),
(152, 174),
(153, 173),
(153, 175),
(154, 174),
(154, 175),
(155, 174),
(155, 175),
(156, 174),
(156, 175),
(157, 174),
(157, 175),
(158, 174),
(158, 175),
(159, 183),
(159, 188),
(159, 192),
(159, 197),
(159, 201),
(160, 182),
(160, 187),
(160, 191),
(160, 196),
(160, 198),
(160, 200),
(161, 202),
(162, 203);

-- --------------------------------------------------------

--
-- Structure de la table `jeu`
--

CREATE TABLE `jeu` (
  `id` int(11) NOT NULL,
  `formule_id` int(11) NOT NULL,
  `pronostic_id` int(11) NOT NULL,
  `mise` double NOT NULL,
  `created_at` datetime DEFAULT NULL,
  `updated_at` datetime DEFAULT NULL,
  `parieur_id` int(11) DEFAULT NULL,
  `gain_final` double DEFAULT NULL,
  `resultat` enum('en attente','perdant','gagnant') DEFAULT NULL,
  `cote_totale` double DEFAULT NULL
) ENGINE=InnoDB DEFAULT CHARSET=utf8mb4 COLLATE=utf8mb4_unicode_ci;

--
-- Déchargement des données de la table `jeu`
--

INSERT INTO `jeu` (`id`, `formule_id`, `pronostic_id`, `mise`, `created_at`, `updated_at`, `parieur_id`, `gain_final`, `resultat`, `cote_totale`) VALUES
(1, 1, 1, 5, NULL, NULL, 2, NULL, 'gagnant', NULL),
(5, 1, 7, 1, NULL, NULL, 2, NULL, 'en attente', NULL),
(6, 1, 9, 2, NULL, NULL, 2, NULL, 'gagnant', NULL),
(7, 1, 10, 0, NULL, NULL, 2, NULL, '', NULL),
(8, 1, 11, 0, NULL, NULL, 2, NULL, 'en attente', NULL),
(10, 1, 12, 0, '2021-09-13 01:51:45', NULL, 2, NULL, 'gagnant', NULL),
(11, 2, 13, 1, '2021-09-14 01:10:53', NULL, 2, NULL, 'perdant', 2.002875);

-- --------------------------------------------------------

--
-- Structure de la table `les2joueurswin1set`
--

CREATE TABLE `les2joueurswin1set` (
  `id` int(11) NOT NULL,
  `oui` tinyint(1) NOT NULL,
  `non` tinyint(1) NOT NULL,
  `affiche_id` int(11) DEFAULT NULL
) ENGINE=InnoDB DEFAULT CHARSET=utf8mb4 COLLATE=utf8mb4_unicode_ci;

--
-- Déchargement des données de la table `les2joueurswin1set`
--

INSERT INTO `les2joueurswin1set` (`id`, `oui`, `non`, `affiche_id`) VALUES
(1, 0, 0, 7);

-- --------------------------------------------------------

--
-- Structure de la table `nombre2sets`
--

CREATE TABLE `nombre2sets` (
  `id` int(11) NOT NULL,
  `affiche_id` int(11) DEFAULT NULL,
  `nb2set` double DEFAULT NULL,
  `nb3set` double DEFAULT NULL,
  `nb4set` double DEFAULT NULL,
  `nb5set` double DEFAULT NULL
) ENGINE=InnoDB DEFAULT CHARSET=utf8mb4 COLLATE=utf8mb4_unicode_ci;

--
-- Déchargement des données de la table `nombre2sets`
--

INSERT INTO `nombre2sets` (`id`, `affiche_id`, `nb2set`, `nb3set`, `nb4set`, `nb5set`) VALUES
(1, 7, 1.38, 2.15, NULL, NULL);

-- --------------------------------------------------------

--
-- Structure de la table `pari`
--

CREATE TABLE `pari` (
  `id` int(11) NOT NULL,
  `formule_id` int(11) NOT NULL,
  `bet_id` int(11) NOT NULL,
  `auteur_id` int(11) NOT NULL,
  `mise_id` int(11) DEFAULT NULL
) ENGINE=InnoDB DEFAULT CHARSET=utf8mb4 COLLATE=utf8mb4_unicode_ci;

-- --------------------------------------------------------

--
-- Structure de la table `pays`
--

CREATE TABLE `pays` (
  `id` int(11) NOT NULL,
  `name` varchar(255) NOT NULL,
  `shortcut` varchar(10) DEFAULT NULL,
  `capitale_id` int(11) DEFAULT NULL,
  `zone_id` int(11) DEFAULT NULL
) ENGINE=InnoDB DEFAULT CHARSET=utf8mb4 COLLATE=utf8mb4_unicode_ci;

--
-- Déchargement des données de la table `pays`
--

INSERT INTO `pays` (`id`, `name`, `shortcut`, `capitale_id`, `zone_id`) VALUES
(1, 'États-Unis', 'USA', NULL, NULL),
(2, 'Argentine', 'ARG', NULL, NULL),
(3, 'Espagne', 'ESP', NULL, NULL),
(4, 'Canada', 'CAN', NULL, NULL),
(5, 'South Africa', 'RSA', NULL, NULL),
(6, 'Japon', 'JPN', NULL, NULL),
(7, 'Serbie', 'SRB', NULL, NULL),
(8, 'Russie', 'RUS', NULL, NULL),
(9, 'France', 'FRA', NULL, NULL),
(10, 'Suisse', 'SUI', NULL, NULL),
(11, 'Allemagne', 'GER', NULL, NULL),
(12, 'Grèce', 'GRE', NULL, NULL),
(13, 'Autriche', 'OST', NULL, NULL),
(14, 'Norvège', 'NR', NULL, NULL),
(15, 'Israël', 'ISR', NULL, NULL),
(16, 'République Tcheque', 'CZECH', NULL, NULL),
(17, 'Roumanie', 'ROM', NULL, NULL),
(18, 'Pologne', 'POL', NULL, NULL),
(19, 'Togo', 'TO', NULL, NULL),
(20, 'Italie', 'ITA', NULL, NULL),
(21, 'Bulgarie', 'BLR', NULL, NULL),
(22, 'Chili', 'CHL', NULL, NULL),
(23, 'Belgique', 'BEL', NULL, NULL),
(24, 'Australie', 'AU', NULL, NULL),
(25, 'Croatie', NULL, NULL, NULL),
(26, 'Géorgie', 'Geor', NULL, NULL),
(27, 'Angleterre', 'ANG', NULL, NULL),
(28, 'Kazakhstan', NULL, NULL, NULL),
(29, 'Brésil', 'BRA', NULL, NULL),
(30, 'Slovaquie', 'SLO', NULL, NULL),
(31, 'Nederland', 'NL', NULL, NULL),
(32, 'Chine', 'CHN', NULL, NULL),
(33, 'Ukraine', 'UKR', NULL, NULL),
(34, 'Lettonie', 'lat', NULL, NULL),
(35, 'Corée du Sud', 'KOR', NULL, NULL),
(36, 'Biélorussie', 'BLR', NULL, NULL),
(37, 'Luxembourg', 'LUX', NULL, NULL),
(38, 'Slovenie', 'SLV', NULL, NULL),
(39, 'Bolivie', 'BOL', NULL, NULL),
(40, 'Pérou', 'PER', NULL, NULL),
(41, 'Estonie', 'EST', NULL, NULL),
(42, 'Lituanie', 'LTU', NULL, NULL),
(43, 'Portugal', 'POR', NULL, NULL),
(44, 'Turquie', 'TUR', NULL, NULL),
(45, 'Soudan', 'SOU', NULL, NULL),
(46, 'Guinée', 'GUI', NULL, NULL),
(47, 'Maroc', 'MAR', NULL, NULL),
(48, 'Guinée-Bissau', 'GBI', NULL, NULL),
(49, 'Angola', 'ANG', NULL, NULL),
(50, 'Ghana', 'GHA', NULL, NULL),
(51, 'Gabon', 'GAB', NULL, NULL),
(52, 'Niger', 'NIG', NULL, NULL),
(53, 'Algerie', 'ALG', NULL, NULL),
(54, 'Ethiopie', 'ETH', NULL, NULL);

-- --------------------------------------------------------

--
-- Structure de la table `pronostic`
--

CREATE TABLE `pronostic` (
  `id` int(11) NOT NULL,
  `created` datetime DEFAULT NULL,
  `bet_id` int(11) NOT NULL,
  `choix` varchar(255) DEFAULT NULL,
  `cote` double DEFAULT NULL,
  `author_id` int(11) NOT NULL,
  `isValid` tinyint(1) DEFAULT NULL,
  `affiche_id` int(11) DEFAULT NULL,
  `game1_id` int(11) DEFAULT NULL,
  `archived` tinyint(1) DEFAULT NULL,
  `updated` datetime DEFAULT NULL,
  `isConfirm` tinyint(1) DEFAULT NULL,
  `isChecked` tinyint(1) DEFAULT NULL,
  `pronoExact` varchar(255) DEFAULT NULL
) ENGINE=InnoDB DEFAULT CHARSET=utf8mb4 COLLATE=utf8mb4_unicode_ci;

--
-- Déchargement des données de la table `pronostic`
--

INSERT INTO `pronostic` (`id`, `created`, `bet_id`, `choix`, `cote`, `author_id`, `isValid`, `affiche_id`, `game1_id`, `archived`, `updated`, `isConfirm`, `isChecked`, `pronoExact`) VALUES
(1, '2021-09-29 22:18:55', 18, 'outsider', 2.3, 2, 0, 13, NULL, NULL, NULL, NULL, NULL, NULL),
(2, '2021-09-29 22:22:35', 18, 'outsider', 2.3, 2, 0, 13, NULL, NULL, NULL, NULL, NULL, NULL),
(3, NULL, 16, 'outsider', 3.75, 2, 1, 7, NULL, NULL, '2021-10-15 13:43:04', 1, 1, NULL),
(4, NULL, 16, 'favori', 1.34, 2, NULL, 12, NULL, NULL, NULL, NULL, NULL, NULL),
(5, NULL, 19, '3 sets', 2.25, 2, NULL, 13, NULL, NULL, NULL, NULL, NULL, NULL),
(6, NULL, 20, 'favori', 1.61, 2, NULL, 14, NULL, NULL, NULL, NULL, NULL, NULL),
(7, NULL, 20, 'favori', 1.61, 2, NULL, 14, NULL, NULL, NULL, NULL, NULL, NULL),
(8, NULL, 22, '5 sets', 3.2, 2, NULL, 15, NULL, NULL, NULL, NULL, NULL, NULL),
(9, NULL, 22, '3 sets', 2.05, 2, NULL, 22, NULL, NULL, NULL, NULL, NULL, NULL),
(10, NULL, 25, 'non', 1.18, 2, NULL, 15, NULL, NULL, NULL, NULL, NULL, NULL),
(11, NULL, 26, '5 - 7', 15, 2, NULL, 15, NULL, NULL, NULL, NULL, NULL, NULL),
(12, NULL, 24, 'oui', 1.3, 2, NULL, 15, NULL, NULL, NULL, NULL, NULL, NULL),
(13, NULL, 27, 'favori', 1.25, 2, 1, 18, 1, 1, '2021-09-27 01:51:09', NULL, 1, NULL),
(14, NULL, 28, 'favori', 1.09, 2, 1, 17, 1, 1, '2021-09-27 01:51:09', NULL, 1, NULL),
(15, '2021-09-29 22:19:24', 30, 'favori', 1.47, 2, 0, 16, 1, 1, '2021-09-27 01:51:09', NULL, 1, NULL),
(16, '2021-09-20 02:12:33', 31, 'favori', 1.6, 2, 1, 23, 2, NULL, '2021-09-26 18:00:45', 1, 1, NULL),
(17, '2021-09-18 18:17:51', 32, 'favori', 1.05, 2, 0, 22, 2, NULL, '2021-09-26 18:00:45', 1, 1, NULL),
(18, '2021-09-20 02:14:38', 33, 'outsider', 2.8, 2, 1, 20, 2, NULL, '2021-09-26 18:00:45', 1, 1, NULL),
(19, '2021-09-18 17:51:52', 34, 'favori', 1.14, 2, NULL, 21, NULL, NULL, NULL, NULL, NULL, NULL),
(20, '2021-09-20 01:56:55', 34, 'favori', 1.14, 2, 1, 21, 2, NULL, '2021-09-26 18:00:45', 1, 1, NULL),
(21, '2021-09-18 17:52:14', 35, 'outsider', 3.15, 2, NULL, 19, NULL, NULL, NULL, NULL, NULL, NULL),
(22, '2021-09-18 18:11:01', 35, 'outsider', 3.15, 2, 0, 19, 1, 1, '2021-09-27 01:51:09', NULL, 1, NULL),
(23, '2021-09-20 02:15:46', 36, 'outsider', 2.2, 2, 1, 24, 2, NULL, '2021-09-26 18:00:45', 1, 1, NULL),
(24, '2021-09-20 23:42:25', 38, '2-1', 3.8, 2, 0, 25, 3, 1, '2021-09-27 01:50:52', NULL, 1, NULL),
(25, '2021-09-20 23:52:43', 41, '2-0', 1.8, 2, 1, 26, 3, 1, '2021-09-27 01:50:52', NULL, 1, NULL),
(26, '2021-09-20 23:53:08', 42, '2-1', 2.4, 2, 0, 27, 3, 1, '2021-09-27 01:50:52', NULL, 1, NULL),
(27, '2021-09-22 00:45:39', 49, 'outsider', 2.45, 2, 1, 33, 6, NULL, NULL, NULL, 1, NULL),
(28, '2021-09-27 15:23:10', 50, 'outsider', 2.8, 2, NULL, 34, 7, NULL, '2021-09-27 15:27:56', 1, NULL, NULL),
(29, '2021-09-27 16:01:55', 56, 'favori', 1.8, 2, 0, 36, 8, 1, '2021-09-27 16:20:30', 1, NULL, NULL),
(30, '2021-09-27 16:03:29', 55, 'outsider', 2.05, 2, 0, 35, 8, 1, '2021-09-27 16:20:30', 1, NULL, NULL),
(31, '2021-09-27 16:03:14', 57, 'favori', 1.8, 2, 0, 37, 8, 1, '2021-09-27 16:20:30', 1, NULL, NULL),
(32, '2021-09-27 16:43:27', 56, 'outsider', 2.05, 2, 0, 36, 10, NULL, '2021-09-27 18:28:11', 1, NULL, NULL),
(33, '2021-09-27 16:43:14', 57, 'outsider', 3.55, 2, 0, 37, 10, NULL, '2021-09-27 18:28:11', 1, NULL, NULL),
(34, '2021-09-27 16:43:00', 55, 'favori', 1.8, 2, 0, 35, 10, NULL, '2021-09-27 18:28:11', 1, NULL, NULL),
(35, '2021-09-27 22:34:06', 55, 'favori', 1.8, 2, 0, 35, 11, NULL, NULL, NULL, NULL, NULL),
(36, '2021-09-27 22:34:49', 56, 'outsider', 2.05, 2, 0, 36, 11, NULL, NULL, NULL, NULL, NULL),
(37, '2021-09-27 22:34:29', 57, 'favori', 1.8, 2, 0, 37, 11, NULL, NULL, NULL, NULL, NULL),
(38, '2021-09-29 21:54:05', 58, '1', 1.8, 2, NULL, 38, NULL, NULL, NULL, NULL, NULL, NULL),
(39, '2021-09-30 11:02:20', 59, 'outsider', 1.9, 2, NULL, 41, NULL, NULL, NULL, NULL, NULL, NULL),
(40, '2021-09-30 11:07:52', 59, 'outsider', 1.9, 2, 0, 41, 16, NULL, '2021-09-30 11:12:29', 1, 1, NULL),
(41, '2021-09-30 22:13:29', 64, '3-0', 13, 2, NULL, 43, NULL, NULL, NULL, NULL, NULL, NULL),
(42, '2021-10-01 14:17:03', 64, '2-1', 8.5, 2, 0, 43, NULL, NULL, NULL, NULL, NULL, NULL),
(43, '2021-09-30 22:15:55', 62, 'N', 3, 2, NULL, 43, NULL, NULL, NULL, NULL, NULL, NULL),
(44, '2021-09-30 22:20:10', 61, 'N', 4.5, 2, 1, 44, 17, NULL, NULL, NULL, 1, NULL),
(45, '2021-09-30 22:16:15', 61, 'N', 4.5, 2, NULL, 44, NULL, NULL, NULL, NULL, NULL, NULL),
(46, '2021-10-01 14:15:22', 63, '2', 3.2, 2, 0, 42, NULL, NULL, NULL, NULL, NULL, NULL),
(47, '2021-10-02 22:52:40', 72, '2', 6, 2, NULL, 52, NULL, NULL, NULL, NULL, NULL, NULL),
(48, '2021-10-03 02:11:06', 73, 'oui', 1.8, 2, NULL, 50, NULL, NULL, NULL, NULL, NULL, NULL),
(49, '2021-10-03 02:11:07', 73, 'oui', 1.8, 2, NULL, 50, NULL, NULL, NULL, NULL, NULL, NULL),
(50, '2021-10-06 20:20:37', 76, 'favori', 1.6, 2, NULL, 55, NULL, NULL, NULL, NULL, NULL, NULL),
(51, '2021-10-13 17:29:34', 82, '2-0', 2.65, 2, 1, 58, NULL, NULL, NULL, NULL, 1, '0-2'),
(52, '2021-10-07 00:49:43', 80, '2-0', 1.66, 2, NULL, 56, NULL, NULL, NULL, NULL, NULL, NULL),
(53, '2021-10-07 00:50:10', 79, '2-0', 2.21, 2, NULL, 57, NULL, NULL, '2021-10-07 00:51:55', 1, NULL, NULL),
(54, '2021-10-08 18:22:23', 83, 'N', 2.58, 2, 0, 59, NULL, NULL, '2021-10-08 18:23:07', 1, 1, NULL),
(55, '2021-10-12 21:13:03', 87, '3-1', 13, 2, 0, 62, NULL, NULL, '2021-10-12 21:14:09', 1, 1, NULL),
(56, '2021-10-12 21:27:32', 85, '1', 1.38, 2, NULL, 61, NULL, NULL, NULL, NULL, NULL, NULL),
(57, '2021-10-12 21:27:57', 84, '1', 1.18, 2, NULL, 60, NULL, NULL, NULL, NULL, NULL, NULL),
(58, '2021-10-13 08:07:13', 97, '2-0', 2.05, 2, 1, 67, NULL, NULL, '2021-10-15 01:22:07', 1, 1, NULL),
(59, '2021-10-13 08:18:20', 94, '2-0', 2.05, 2, 1, 68, NULL, NULL, '2021-10-15 01:22:07', 1, 1, NULL),
(60, '2021-10-13 08:18:22', 94, '2-0', 2.05, 2, 1, 68, NULL, NULL, '2021-10-13 08:20:01', 1, 1, NULL),
(61, '2021-10-13 08:18:37', 95, '2-1', 3.91, 2, 0, 66, NULL, NULL, '2021-10-13 08:20:01', 1, 1, '0-2'),
(62, '2021-10-13 17:28:45', 84, 'N', 7.5, 2, 0, 60, NULL, NULL, NULL, NULL, 1, '4-1'),
(63, '2021-10-15 00:36:15', 96, '2-1', 3.32, 2, NULL, 65, NULL, NULL, '2021-10-15 00:37:08', 1, 1, NULL),
(64, '2021-10-15 13:58:09', 89, 'outsider', 2.33, 2, 1, 64, NULL, NULL, '2021-10-15 13:58:52', 1, 1, NULL),
(65, '2021-10-15 16:01:55', 100, 'favori', 1.55, 2, 1, 71, NULL, NULL, NULL, NULL, 1, NULL),
(66, '2021-10-15 16:02:08', 99, 'outsider', 3.4, 2, 1, 70, NULL, NULL, NULL, NULL, 1, NULL),
(67, '2021-10-15 16:02:23', 98, 'favori', 1.8, 2, 1, 69, NULL, NULL, NULL, NULL, 1, NULL),
(68, '2021-10-15 16:06:04', 100, 'outsider', 2.2, 2, NULL, 71, NULL, NULL, NULL, NULL, NULL, NULL),
(69, '2021-10-15 16:06:05', 100, 'outsider', 2.2, 2, 1, 71, NULL, NULL, NULL, NULL, 1, NULL),
(70, '2021-10-15 16:06:24', 99, 'outsider', 3.4, 2, 1, 70, NULL, NULL, NULL, NULL, 1, NULL),
(71, '2021-10-15 16:06:37', 98, 'outsider', 2.8, 2, 1, 69, NULL, NULL, NULL, NULL, 1, NULL),
(72, '2021-10-15 16:14:01', 101, 'favori', 1.55, 2, 1, 72, NULL, NULL, NULL, NULL, 1, NULL),
(73, '2021-10-15 18:34:10', 104, 'outsider', 2.58, 2, NULL, 75, NULL, NULL, NULL, NULL, NULL, NULL),
(74, '2021-10-16 01:48:54', 107, 'oui', 5.1, 2, NULL, 75, NULL, NULL, NULL, NULL, NULL, NULL),
(75, '2021-10-16 01:49:17', 101, 'favori', 1.55, 2, NULL, 72, NULL, NULL, NULL, NULL, NULL, NULL),
(76, '2021-10-16 01:49:37', 99, 'favori', 1.6, 2, NULL, 70, NULL, NULL, NULL, NULL, NULL, NULL),
(77, '2021-10-16 01:49:39', 99, 'favori', 1.6, 2, NULL, 70, NULL, NULL, NULL, NULL, NULL, NULL),
(78, '2021-10-16 02:06:02', 109, '7 - 5', 11, 2, NULL, 75, NULL, NULL, NULL, NULL, NULL, NULL),
(79, '2021-10-16 02:08:51', 110, 'favori', 1.7, 2, NULL, 76, NULL, NULL, NULL, NULL, NULL, NULL),
(80, '2021-10-16 02:08:52', 110, 'favori', 1.7, 2, NULL, 76, NULL, NULL, NULL, NULL, NULL, NULL),
(81, '2021-10-16 02:11:15', 111, 'favori', 1.8, 2, NULL, 77, NULL, NULL, NULL, NULL, NULL, NULL),
(82, '2021-10-16 02:11:30', 111, 'favori', 1.8, 2, NULL, 77, NULL, NULL, NULL, NULL, NULL, NULL),
(83, '2021-10-16 02:11:38', 111, 'favori', 1.8, 2, NULL, 77, NULL, NULL, NULL, NULL, NULL, NULL),
(84, '2021-10-16 02:23:54', 105, '2-0', 1.97, 2, 0, 75, NULL, NULL, '2021-10-16 02:27:26', 1, 1, '2-0'),
(85, '2021-10-16 02:25:27', 112, '2-0', 2.31, 2, NULL, 76, NULL, NULL, '2021-10-16 02:27:26', 1, NULL, NULL),
(86, '2021-10-16 02:31:04', 105, '2-1', 3.78, 2, NULL, 75, NULL, NULL, NULL, NULL, NULL, NULL),
(87, '2021-10-16 02:31:04', 105, '2-1', 3.78, 2, 0, 75, NULL, NULL, '2021-10-16 02:32:50', 1, 1, '2-0'),
(88, '2021-10-16 02:31:22', 112, '2-1', 3.85, 2, NULL, 76, NULL, NULL, NULL, NULL, NULL, NULL),
(89, '2021-10-16 02:31:23', 112, '2-1', 3.85, 2, NULL, 76, NULL, NULL, '2021-10-16 02:32:50', 1, NULL, NULL),
(90, '2021-10-16 02:33:23', 112, '1-2', 4.41, 2, 0, 76, NULL, NULL, '2021-10-16 02:34:48', 1, 1, '2-0'),
(91, '2021-10-16 02:33:41', 105, '2-0', 1.97, 2, NULL, 75, NULL, NULL, NULL, NULL, NULL, NULL),
(92, '2021-10-16 02:33:42', 105, '2-0', 1.97, 2, NULL, 75, NULL, NULL, '2021-10-16 02:34:48', 1, NULL, NULL),
(93, '2021-10-16 02:35:18', 105, '1-2', 5.35, 2, 0, 75, NULL, NULL, '2021-10-16 02:36:25', 1, 1, '2-1'),
(94, '2021-10-16 02:35:35', 112, '1-2', 4.41, 2, NULL, 76, NULL, NULL, '2021-10-16 02:36:25', 1, NULL, NULL),
(95, '2021-10-16 02:37:35', 109, '6 - 4', 5.51, 2, 0, 75, NULL, NULL, '2021-10-16 02:41:48', 1, 1, '3-6'),
(96, '2021-10-16 02:40:48', 113, '6 - 4', 5.51, 2, NULL, 76, NULL, NULL, '2021-10-16 02:41:48', 1, NULL, NULL),
(97, '2021-10-16 02:50:10', 113, '6 - 7', 9.01, 2, 0, 76, NULL, NULL, NULL, NULL, 1, '3-6'),
(98, '2021-10-16 02:50:36', 109, '7 - 5', 11, 2, NULL, 75, NULL, NULL, NULL, NULL, NULL, NULL),
(99, '2021-10-16 02:51:51', 109, '4 - 6', 7.25, 2, NULL, 75, NULL, NULL, NULL, NULL, NULL, NULL),
(100, '2021-10-16 02:51:52', 109, '5 - 7', 15, 2, 0, 75, NULL, NULL, NULL, NULL, 1, '3-6'),
(101, '2021-10-16 02:52:13', 113, '5 - 7', 14, 2, NULL, 76, NULL, NULL, NULL, NULL, NULL, NULL),
(102, '2021-10-17 00:34:57', 115, '3-0', 8, 2, 0, 78, NULL, NULL, NULL, NULL, 1, '3-2'),
(103, '2021-10-17 00:35:08', 115, '3-1', 7, 2, 0, 78, NULL, NULL, NULL, NULL, 1, '3-2'),
(104, '2021-10-17 00:35:25', 115, '2-1', 7, 2, 0, 78, NULL, NULL, NULL, NULL, 1, '3-2'),
(105, '2021-10-18 19:48:40', 120, 'outsider', 2.11, 2, NULL, 83, NULL, NULL, NULL, NULL, NULL, NULL),
(106, '2021-10-18 19:48:53', 119, 'outsider', 2.24, 2, 0, 82, NULL, NULL, NULL, NULL, 1, '2-1'),
(107, '2021-10-19 13:30:00', 122, '2-0', 1.65, 2, NULL, 84, NULL, NULL, NULL, NULL, NULL, NULL),
(108, '2021-10-19 13:30:01', 122, '2-0', 1.65, 2, NULL, 84, NULL, NULL, NULL, NULL, NULL, NULL),
(109, '2021-10-19 13:30:16', 124, '2-0', 2.2, 2, NULL, 85, NULL, NULL, NULL, NULL, NULL, NULL),
(110, '2021-10-19 13:30:48', 125, '2-0', 2.85, 2, NULL, 83, NULL, NULL, NULL, NULL, NULL, NULL),
(111, '2021-10-20 13:45:48', 141, 'outsider', 2.15, 2, NULL, 93, NULL, NULL, NULL, NULL, NULL, NULL),
(112, '2021-10-20 13:45:49', 141, 'outsider', 2.15, 2, NULL, 93, NULL, NULL, NULL, NULL, NULL, NULL),
(113, '2021-10-20 14:03:43', 166, '6 - 4', 4.91, 2, NULL, 97, NULL, NULL, NULL, NULL, NULL, NULL),
(114, '2021-10-20 14:03:44', 166, '6 - 4', 4.91, 2, NULL, 97, NULL, NULL, NULL, NULL, NULL, NULL),
(115, '2021-10-20 14:04:08', 155, '6 - 4', 4.91, 2, NULL, 95, NULL, NULL, NULL, NULL, NULL, NULL),
(116, '2021-10-20 14:04:30', 160, '6 - 4', 4.91, 2, NULL, 96, NULL, NULL, NULL, NULL, NULL, NULL),
(117, '2021-10-20 14:06:18', 146, 'outsider', 2.45, 2, NULL, 94, NULL, NULL, NULL, NULL, NULL, NULL),
(118, '2021-10-20 14:06:19', 146, 'outsider', 2.45, 2, NULL, 94, NULL, NULL, NULL, NULL, NULL, NULL),
(119, '2021-10-20 14:06:39', 141, 'outsider', 2.15, 2, NULL, 93, NULL, NULL, NULL, NULL, NULL, NULL),
(120, '2021-10-20 14:07:06', 162, 'outsider', 4.31, 2, NULL, 97, NULL, NULL, NULL, NULL, NULL, NULL),
(121, '2021-10-20 19:07:28', 177, 'N', 3.71, 2, NULL, 101, NULL, NULL, NULL, NULL, NULL, NULL),
(122, '2021-10-20 19:07:58', 174, 'N', 3.11, 2, NULL, 100, NULL, NULL, NULL, NULL, NULL, NULL),
(123, '2021-10-20 19:08:18', 171, '1', 1.5, 2, NULL, 99, NULL, NULL, NULL, NULL, NULL, NULL),
(124, '2021-10-20 19:12:51', 170, '2-1 ou 3-1 ou 4-1', 3.95, 2, NULL, 98, NULL, NULL, NULL, NULL, NULL, NULL),
(125, '2021-10-20 20:38:36', 181, '3-0', 10.5, 2, NULL, 102, NULL, NULL, NULL, NULL, NULL, NULL),
(126, '2021-10-20 20:39:14', 169, '2-1', 7.25, 2, NULL, 98, NULL, NULL, NULL, NULL, NULL, NULL),
(127, '2021-10-20 20:39:42', 178, '1-2', 13, 2, NULL, 101, NULL, NULL, NULL, NULL, NULL, NULL),
(128, '2021-10-20 20:40:59', 180, '1', 2.41, 2, NULL, 102, NULL, NULL, NULL, NULL, NULL, NULL),
(129, '2021-10-20 20:41:00', 180, '1', 2.41, 2, NULL, 102, NULL, NULL, NULL, NULL, NULL, NULL),
(130, '2021-10-20 20:51:07', 183, '1', 1.08, 2, NULL, 103, NULL, NULL, NULL, NULL, NULL, NULL),
(131, '2021-10-20 20:51:08', 183, '1', 1.08, 2, NULL, 103, NULL, NULL, NULL, NULL, NULL, NULL),
(132, '2021-10-20 20:51:49', 171, '1', 1.5, 2, NULL, 99, NULL, NULL, NULL, NULL, NULL, NULL),
(133, '2021-10-20 20:52:16', 168, '1', 1.68, 2, NULL, 98, NULL, NULL, NULL, NULL, NULL, NULL),
(134, '2021-10-20 20:52:42', 177, '1', 2.11, 2, NULL, 101, NULL, NULL, NULL, NULL, NULL, NULL),
(135, '2021-10-21 12:30:35', 197, '2-0', 2.2, 2, NULL, 106, NULL, NULL, NULL, NULL, NULL, NULL),
(136, '2021-10-21 12:30:51', 192, '2-0', 2.2, 2, NULL, 105, NULL, NULL, NULL, NULL, NULL, NULL),
(137, '2021-10-21 12:31:05', 187, '2-0', 2.2, 2, NULL, 104, NULL, NULL, NULL, NULL, NULL, NULL),
(138, '2021-10-21 12:32:31', 187, '2-1', 3.6, 2, NULL, 104, NULL, NULL, NULL, NULL, NULL, NULL),
(139, '2021-10-21 12:32:48', 192, '2-1', 3.6, 2, NULL, 105, NULL, NULL, NULL, NULL, NULL, NULL),
(140, '2021-10-21 12:33:03', 197, '2-1', 3.6, 2, NULL, 106, NULL, NULL, NULL, NULL, NULL, NULL),
(141, '2021-10-21 12:34:14', 197, '2-0', 2.2, 2, NULL, 106, NULL, NULL, NULL, NULL, NULL, NULL),
(142, '2021-10-21 12:34:33', 192, '1-2', 4.2, 2, NULL, 105, NULL, NULL, NULL, NULL, NULL, NULL),
(143, '2021-10-21 12:34:57', 187, '1-2', 4.2, 2, NULL, 104, NULL, NULL, NULL, NULL, NULL, NULL),
(144, '2021-10-21 12:36:11', 200, '6 - 3', 5.11, 2, NULL, 106, NULL, NULL, NULL, NULL, NULL, NULL),
(145, '2021-10-21 12:36:24', 195, '6 - 4', 4.91, 2, NULL, 105, NULL, NULL, NULL, NULL, NULL, NULL),
(146, '2021-10-21 12:36:39', 190, '6 - 4', 4.91, 2, NULL, 104, NULL, NULL, NULL, NULL, NULL, NULL),
(147, '2021-10-21 12:37:43', 200, '7 - 6', 6.25, 2, NULL, 106, NULL, NULL, NULL, NULL, NULL, NULL),
(148, '2021-10-21 12:38:03', 195, '7 - 6', 6.25, 2, NULL, 105, NULL, NULL, NULL, NULL, NULL, NULL),
(149, '2021-10-21 12:38:03', 195, '7 - 6', 6.25, 2, NULL, 105, NULL, NULL, NULL, NULL, NULL, NULL),
(150, '2021-10-21 12:38:17', 190, '7 - 6', 6.25, 2, NULL, 104, NULL, NULL, NULL, NULL, NULL, NULL),
(151, '2021-10-21 20:40:53', 213, '1', 1.35, 2, NULL, 111, NULL, NULL, NULL, NULL, NULL, NULL),
(152, '2021-10-21 20:41:17', 210, '1', 1.91, 2, NULL, 110, NULL, NULL, NULL, NULL, NULL, NULL),
(153, '2021-10-21 20:41:34', 207, '1', 2.41, 2, NULL, 109, NULL, NULL, NULL, NULL, NULL, NULL),
(154, '2021-10-21 20:41:52', 204, '1', 1.85, 2, NULL, 108, NULL, NULL, NULL, NULL, NULL, NULL),
(155, '2021-10-21 20:42:24', 201, '1', 1.95, 2, NULL, 107, NULL, NULL, NULL, NULL, NULL, NULL),
(156, '2021-10-21 20:42:25', 201, '1', 1.95, 2, NULL, 107, NULL, NULL, NULL, NULL, NULL, NULL),
(157, '2021-10-21 20:46:27', 215, '2-1 ou 3-1 ou 4-1', 3.95, 2, NULL, 111, NULL, NULL, NULL, NULL, NULL, NULL),
(158, '2021-10-21 20:46:55', 212, '2-1 ou 3-1 ou 4-1', 3.95, 2, NULL, 110, NULL, NULL, NULL, NULL, NULL, NULL),
(159, '2021-10-21 20:47:15', 206, '2-1 ou 3-1 ou 4-1', 3.95, 2, NULL, 108, NULL, NULL, NULL, NULL, NULL, NULL),
(160, '2021-10-21 20:48:54', 203, '0-1 ou 0-2 ou 0-3', 9, 2, NULL, 107, NULL, NULL, NULL, NULL, NULL, NULL),
(161, '2021-10-21 20:49:28', 209, '1-0 ou 2-0 ou 3-0', 3.75, 2, NULL, 109, NULL, NULL, NULL, NULL, NULL, NULL),
(162, '2021-10-21 20:50:32', 215, '4-0 ou 5-0 ou 6-0', 13.5, 2, NULL, 111, NULL, NULL, NULL, NULL, NULL, NULL),
(163, '2021-10-21 20:53:19', 208, '2-0', 8, 2, NULL, 109, NULL, NULL, NULL, NULL, NULL, NULL),
(164, '2021-10-21 20:53:43', 202, '3-1', 9.51, 2, NULL, 107, NULL, NULL, NULL, NULL, NULL, NULL),
(165, '2021-10-21 20:55:12', 211, '0-0', 16, 2, NULL, 110, NULL, NULL, NULL, NULL, NULL, NULL),
(166, '2021-10-21 20:59:24', 213, '1', 1.35, 2, NULL, 111, NULL, NULL, NULL, NULL, NULL, NULL),
(167, '2021-10-21 20:59:43', 210, '1', 1.91, 2, NULL, 110, NULL, NULL, NULL, NULL, NULL, NULL),
(168, '2021-10-21 21:00:07', 207, '1', 2.41, 2, NULL, 109, NULL, NULL, NULL, NULL, NULL, NULL),
(169, '2021-10-21 21:00:37', 204, '1', 1.85, 2, NULL, 108, NULL, NULL, NULL, NULL, NULL, NULL),
(170, '2021-10-21 21:00:39', 204, '1', 1.85, 2, NULL, 108, NULL, NULL, NULL, NULL, NULL, NULL),
(171, '2021-10-21 21:00:53', 201, '1', 1.95, 2, NULL, 107, NULL, NULL, NULL, NULL, NULL, NULL),
(172, '2021-10-23 02:42:05', 229, 'favori-1-5', 4.41, 2, NULL, 117, NULL, NULL, NULL, NULL, NULL, NULL),
(173, '2021-10-23 02:42:23', 221, 'favori-1-5', 4.41, 2, NULL, 113, NULL, NULL, NULL, NULL, NULL, NULL),
(174, '2021-10-23 02:42:41', 229, 'favori-1-5', 4.41, 2, NULL, 117, NULL, NULL, NULL, NULL, NULL, NULL),
(175, '2021-10-23 02:43:12', 227, 'favori-1-5', 4.41, 2, NULL, 116, NULL, NULL, NULL, NULL, NULL, NULL),
(176, '2021-10-23 02:43:37', 225, 'favori-1-5', 4.41, 2, NULL, 115, NULL, NULL, NULL, NULL, NULL, NULL),
(177, '2021-10-23 02:45:07', 223, 'favori-1-5', 4.41, 2, NULL, 114, NULL, NULL, NULL, NULL, NULL, NULL),
(179, '2021-10-23 14:41:15', 257, '2-0', 2.2, 2, NULL, 123, NULL, NULL, NULL, NULL, NULL, NULL),
(180, '2021-10-23 14:43:39', 256, 'favori', 1.71, 2, NULL, 123, NULL, NULL, NULL, NULL, NULL, NULL),
(181, '2021-10-23 14:44:09', 258, '3 sets', 2.05, 2, NULL, 123, NULL, NULL, NULL, NULL, NULL, NULL),
(182, '2021-10-23 14:44:18', 259, 'Outsider', 2.15, 2, NULL, 123, NULL, NULL, NULL, NULL, NULL, NULL),
(183, '2021-10-23 14:48:36', 260, '4 - 6', 6.75, 2, NULL, 123, NULL, NULL, NULL, NULL, NULL, NULL),
(184, '2021-10-23 14:54:30', 251, 'favori', 1.8, 2, NULL, 122, NULL, NULL, NULL, NULL, NULL, NULL),
(185, '2021-10-23 14:54:42', 252, '2-0', 2.2, 2, NULL, 122, NULL, NULL, NULL, NULL, NULL, NULL),
(186, '2021-10-23 14:54:54', 253, '2 sets', 1.5, 2, NULL, 122, NULL, NULL, NULL, NULL, NULL, NULL),
(187, '2021-10-23 14:55:02', 254, 'Favori', 1.45, 2, NULL, 122, NULL, NULL, NULL, NULL, NULL, NULL),
(188, '2021-10-23 14:55:15', 255, '7 - 5', 12, 2, NULL, 122, NULL, NULL, NULL, NULL, NULL, NULL),
(189, '2021-10-23 14:55:54', 246, 'favori', 1.72, 2, NULL, 121, NULL, NULL, NULL, NULL, NULL, NULL),
(190, '2021-10-23 14:56:04', 247, '1-2', 4.2, 2, NULL, 121, NULL, NULL, NULL, NULL, NULL, NULL),
(191, '2021-10-23 14:56:16', 249, 'Favori', 1.45, 2, NULL, 121, NULL, NULL, NULL, NULL, NULL, NULL),
(192, '2021-10-23 14:56:36', 250, '3 - 6', 7.75, 2, NULL, 121, NULL, NULL, NULL, NULL, NULL, NULL),
(193, '2021-10-23 14:56:59', 241, 'favori', 1.42, 2, NULL, 120, NULL, NULL, NULL, NULL, NULL, NULL),
(194, '2021-10-23 14:57:08', 242, '2-0', 2.2, 2, NULL, 120, NULL, NULL, NULL, NULL, NULL, NULL),
(195, '2021-10-23 14:57:18', 243, '3 sets', 2.05, 2, NULL, 120, NULL, NULL, NULL, NULL, NULL, NULL),
(196, '2021-10-23 14:57:33', 244, 'Favori', 1.45, 2, NULL, 120, NULL, NULL, NULL, NULL, NULL, NULL),
(197, '2021-10-23 14:57:42', 245, '6 - 3', 5.11, 2, NULL, 120, NULL, NULL, NULL, NULL, NULL, NULL),
(198, '2021-10-23 14:58:19', 236, 'outsider', 2.51, 2, NULL, 119, NULL, NULL, NULL, NULL, NULL, NULL),
(199, '2021-10-23 14:58:37', 237, '1-2', 4.2, 2, NULL, 119, NULL, NULL, NULL, NULL, NULL, NULL),
(200, '2021-10-23 14:58:51', 239, 'Favori', 1.45, 2, NULL, 119, NULL, NULL, NULL, NULL, NULL, NULL),
(201, '2021-10-23 14:59:16', 240, '6 - 7', 7.5, 2, NULL, 119, NULL, NULL, NULL, NULL, NULL, NULL),
(202, '2022-12-17 01:11:30', 261, 'favori-6-10', 4, 2, 0, 124, NULL, NULL, NULL, NULL, 1, 'outsider - 11-15'),
(203, '2022-12-21 11:48:18', 303, '3-0', 10, 2, 1, 129, NULL, NULL, NULL, NULL, 1, NULL);

-- --------------------------------------------------------

--
-- Structure de la table `pronostic_game`
--

CREATE TABLE `pronostic_game` (
  `pronostic_id` int(11) NOT NULL,
  `game_id` int(11) NOT NULL
) ENGINE=InnoDB DEFAULT CHARSET=utf8mb4 COLLATE=utf8mb4_unicode_ci;

--
-- Déchargement des données de la table `pronostic_game`
--

INSERT INTO `pronostic_game` (`pronostic_id`, `game_id`) VALUES
(35, 11),
(35, 12),
(35, 13),
(35, 14),
(36, 11),
(36, 12),
(36, 13),
(36, 15),
(37, 11),
(37, 12),
(37, 14),
(37, 15),
(40, 16),
(42, 19),
(42, 20),
(46, 20);

-- --------------------------------------------------------

--
-- Structure de la table `sport`
--

CREATE TABLE `sport` (
  `id` int(11) NOT NULL,
  `name` varchar(255) NOT NULL,
  `type` varchar(255) NOT NULL
) ENGINE=InnoDB DEFAULT CHARSET=utf8mb4 COLLATE=utf8mb4_unicode_ci;

--
-- Déchargement des données de la table `sport`
--

INSERT INTO `sport` (`id`, `name`, `type`) VALUES
(1, 'Tennis', 'individuel'),
(2, 'Basket-Ball', 'collectif'),
(3, 'Football', 'collectif');

-- --------------------------------------------------------

--
-- Structure de la table `surface`
--

CREATE TABLE `surface` (
  `id` int(11) NOT NULL,
  `name` varchar(255) NOT NULL
) ENGINE=InnoDB DEFAULT CHARSET=utf8mb4 COLLATE=utf8mb4_unicode_ci;

--
-- Déchargement des données de la table `surface`
--

INSERT INTO `surface` (`id`, `name`) VALUES
(1, 'dur'),
(2, 'gazon'),
(3, 'terre battue');

-- --------------------------------------------------------

--
-- Structure de la table `tournoi`
--

CREATE TABLE `tournoi` (
  `id` int(11) NOT NULL,
  `name` varchar(255) DEFAULT NULL,
  `city_id` int(11) DEFAULT NULL,
  `surface_id` int(11) NOT NULL,
  `tenant_titre_id` int(11) DEFAULT NULL,
  `debut` datetime DEFAULT NULL,
  `fin` datetime DEFAULT NULL,
  `date_creation` datetime DEFAULT NULL,
  `siteweb` varchar(255) DEFAULT NULL,
  `dotation` int(11) DEFAULT NULL,
  `sport_id` int(11) DEFAULT NULL
) ENGINE=InnoDB DEFAULT CHARSET=utf8mb4 COLLATE=utf8mb4_unicode_ci;

--
-- Déchargement des données de la table `tournoi`
--

INSERT INTO `tournoi` (`id`, `name`, `city_id`, `surface_id`, `tenant_titre_id`, `debut`, `fin`, `date_creation`, `siteweb`, `dotation`, `sport_id`) VALUES
(1, NULL, 1, 1, NULL, '2021-08-14 00:00:00', '2021-08-22 00:00:00', '1899-01-01 00:00:00', 'https://www.wsopen.com/', 3707550, 1),
(2, NULL, 2, 1, 9, '2021-08-24 00:00:00', '2021-09-12 00:00:00', '1881-09-01 00:00:00', 'https://www.usopen.org/', 53000000, 1),
(3, NULL, 5, 3, 61, '2021-09-06 00:00:00', '2021-09-11 00:00:00', '1998-01-01 00:00:00', 'https://www.atptulln.at/', 54000, 1),
(4, NULL, 8, 1, 77, '2021-09-13 00:00:00', '2021-09-19 00:00:00', '2002-01-01 00:00:00', 'https://www.atptulln.at/', 22000, 1),
(5, 'Moscou ATP', 14, 1, 10, '2021-09-14 00:00:00', '2022-05-21 00:00:00', '1934-01-01 00:00:00', NULL, 1000000, 1),
(6, 'Coupe Davis', NULL, 1, NULL, NULL, NULL, '1900-01-01 00:00:00', 'daviscup.com', NULL, 1),
(7, 'Ostrava', NULL, 1, NULL, '2021-09-19 00:00:00', '2021-09-26 00:00:00', '1994-01-01 00:00:00', NULL, NULL, 1),
(8, 'Metz', NULL, 1, NULL, '2021-09-20 00:00:00', '2021-09-26 00:00:00', NULL, NULL, NULL, 1),
(9, 'Noursoultan', 10, 1, NULL, '2021-09-20 00:00:00', '2021-09-26 00:00:00', NULL, NULL, NULL, 1),
(10, 'WTA-NOURSOULTAN', 10, 1, NULL, '2021-09-27 00:00:00', '2021-10-03 00:00:00', NULL, NULL, NULL, 1),
(11, 'ATP-Sofia', 13, 1, NULL, '2021-09-27 00:00:00', '2021-10-03 00:00:00', NULL, NULL, NULL, 1),
(12, 'WTA-Chicago', 12, 1, NULL, '2021-09-27 00:00:00', '2021-10-03 00:00:00', NULL, NULL, NULL, 1),
(13, 'ATP-San Diego', 11, 1, NULL, '2021-09-27 00:00:00', '2021-10-03 00:00:00', NULL, NULL, NULL, 1),
(14, 'Champion\'s League', 4, 2, NULL, '2021-09-01 00:00:00', '2022-05-06 00:00:00', NULL, NULL, NULL, 3),
                                                                                       (15, 'Europa League', NULL, 2, NULL, '2021-09-15 00:00:00', '2022-05-13 00:00:00', NULL, NULL, NULL, 3),
                                                                                       (16, 'Ligue1', NULL, 2, NULL, '2021-08-19 00:00:00', '2022-05-20 00:00:00', NULL, 'http://lfp.fr', NULL, 3),
                                                                                       (17, 'Ligue 2 BKT', NULL, 2, NULL, '2021-08-06 00:00:00', '2022-05-14 00:00:00', NULL, 'http://lfp.fr', NULL, 3),
                                                                                       (18, 'BundesLiga', NULL, 2, NULL, '2021-08-07 00:00:00', '2022-05-15 00:00:00', '1900-01-01 00:00:00', NULL, NULL, 3),
                                                                                       (19, 'Premier League', NULL, 2, NULL, '2021-08-07 00:00:00', '2022-05-22 00:00:00', NULL, NULL, NULL, 3),
                                                                                       (20, 'Série A', NULL, 2, NULL, '2021-08-13 00:00:00', '2022-05-22 00:00:00', NULL, NULL, NULL, 3),
                                                                                       (21, 'CDM', NULL, 2, NULL, NULL, NULL, NULL, NULL, NULL, 3),
                                                                                       (22, 'Indian Wells', NULL, 1, NULL, NULL, NULL, NULL, NULL, NULL, 1),
                                                                                       (23, 'Tenerife', NULL, 3, NULL, '2021-10-18 00:00:00', '2021-10-24 00:00:00', NULL, NULL, NULL, 1),
                                                                                       (24, 'Moscou WTA', 14, 1, 66, NULL, NULL, NULL, NULL, NULL, 1),
                                                                                       (25, 'Anvers', 15, 1, NULL, NULL, NULL, NULL, NULL, NULL, 1),
                                                                                       (26, 'Liga', NULL, 2, NULL, NULL, NULL, NULL, NULL, NULL, 3),
                                                                                       (27, 'Liga Portugal', NULL, 2, NULL, NULL, NULL, NULL, NULL, NULL, 3),
                                                                                       (28, 'Premiere Ligue Russe', NULL, 2, NULL, NULL, NULL, NULL, NULL, NULL, 3),
                                                                                       (29, 'Jupiler Pro League', NULL, 2, NULL, NULL, NULL, NULL, NULL, NULL, 3),
                                                                                       (30, 'Spor Toto Super Lig', NULL, 2, NULL, NULL, NULL, NULL, NULL, NULL, 3),
                                                                                       (31, 'Super League Suisse', NULL, 2, NULL, NULL, NULL, NULL, NULL, NULL, 3),
                                                                                       (32, 'Suede Championnat', NULL, 2, NULL, NULL, NULL, NULL, NULL, NULL, 3),
                                                                                       (33, 'Champ Grece', NULL, 2, NULL, NULL, NULL, NULL, NULL, NULL, 3),
                                                                                       (34, 'Eredivisie', NULL, 2, NULL, NULL, NULL, NULL, NULL, NULL, 3),
                                                                                       (35, 'champ Belge', NULL, 2, NULL, NULL, NULL, NULL, NULL, NULL, 3),
                                                                                       (36, 'NBA', NULL, 1, NULL, NULL, NULL, NULL, NULL, NULL, 2),
                                                                                       (37, 'champ Ukraine', NULL, 2, NULL, NULL, NULL, NULL, NULL, NULL, 3),
                                                                                       (38, 'champ Ecosse', NULL, 2, NULL, NULL, NULL, NULL, NULL, NULL, 3),
                                                                                       (39, 'Autriche', NULL, 2, NULL, NULL, NULL, NULL, NULL, NULL, 3),
                                                                                       (40, 'Croatie', NULL, 2, NULL, NULL, NULL, NULL, NULL, NULL, 3);

-- --------------------------------------------------------

--
-- Structure de la table `transaction`
--

CREATE TABLE `transaction` (
                               `id` int(11) NOT NULL,
                               `auteur_id` int(11) NOT NULL,
                               `montant` double NOT NULL,
                               `created_at` datetime DEFAULT NULL COMMENT '(DC2Type:datetime_immutable)',
                               `updated` datetime DEFAULT NULL,
                               `type` enum('gain','perte','deposit','retrait') DEFAULT NULL,
                               `jeu_id` int(11) DEFAULT NULL,
                               `game_id` int(11) DEFAULT NULL
) ENGINE=InnoDB DEFAULT CHARSET=utf8mb4 COLLATE=utf8mb4_unicode_ci;

--
-- Déchargement des données de la table `transaction`
--

INSERT INTO `transaction` (`id`, `auteur_id`, `montant`, `created_at`, `updated`, `type`, `jeu_id`, `game_id`) VALUES
                                                                                                                   (1, 2, 100, '2021-09-09 02:25:53', NULL, 'deposit', NULL, NULL),
                                                                                                                   (2, 2, 50, '2021-09-09 14:15:02', NULL, 'deposit', NULL, NULL),
                                                                                                                   (3, 2, 100, '2021-09-09 14:22:50', NULL, 'deposit', NULL, NULL),
                                                                                                                   (4, 2, 50, '2021-09-09 14:23:18', NULL, 'deposit', NULL, NULL),
                                                                                                                   (5, 2, 0.1, '2021-09-10 03:41:28', NULL, 'retrait', 1, NULL),
                                                                                                                   (6, 2, 1, '2021-09-10 14:37:17', NULL, 'retrait', 5, NULL),
                                                                                                                   (11, 2, 11.5, '2021-09-12 22:02:39', NULL, 'gain', 1, NULL),
                                                                                                                   (12, 2, 2, '2021-09-12 23:44:36', NULL, 'retrait', NULL, NULL),
                                                                                                                   (13, 2, 4.1, '2021-09-13 01:35:54', NULL, 'gain', 6, NULL),
                                                                                                                   (14, 2, 0, '2021-09-13 01:41:46', NULL, 'retrait', NULL, NULL),
                                                                                                                   (15, 2, 0, '2021-09-13 01:45:03', NULL, 'retrait', NULL, NULL),
                                                                                                                   (16, 2, 0, '2021-09-13 01:51:45', NULL, 'retrait', 10, NULL),
                                                                                                                   (17, 2, 0, '2021-09-14 00:02:29', NULL, 'gain', 10, NULL),
                                                                                                                   (18, 2, 1, '2021-09-14 01:10:53', NULL, 'retrait', 11, NULL),
                                                                                                                   (19, 2, 1, '2021-09-22 11:11:30', NULL, 'retrait', NULL, 6),
                                                                                                                   (20, 2, 2.45, '2021-09-25 16:34:45', NULL, 'gain', NULL, 6),
                                                                                                                   (21, 2, 1, '2021-09-26 17:30:34', NULL, 'retrait', NULL, 2),
                                                                                                                   (22, 2, 1, '2021-09-26 18:00:45', NULL, 'retrait', NULL, 2),
                                                                                                                   (23, 2, 1, '2021-09-27 15:27:56', NULL, 'retrait', NULL, 7),
                                                                                                                   (24, 2, 1, '2021-09-27 16:20:30', NULL, 'retrait', NULL, 8),
                                                                                                                   (25, 2, 1, '2021-09-27 16:29:57', NULL, 'retrait', NULL, 9),
                                                                                                                   (26, 2, 1, '2021-09-27 16:39:34', NULL, 'retrait', NULL, 9),
                                                                                                                   (27, 2, 1, '2021-09-27 18:28:11', NULL, 'retrait', NULL, 10),
                                                                                                                   (28, 2, 2, '2021-09-30 11:12:29', NULL, 'retrait', NULL, 16),
                                                                                                                   (29, 2, 1, '2021-09-30 22:15:36', NULL, 'retrait', NULL, 17),
                                                                                                                   (30, 2, 4.5, '2021-10-01 11:40:53', NULL, 'gain', NULL, 17),
                                                                                                                   (31, 2, 1, '2021-10-06 20:21:37', NULL, 'retrait', NULL, 27),
                                                                                                                   (32, 2, 1, '2021-10-07 00:51:55', NULL, 'retrait', NULL, 28),
                                                                                                                   (33, 2, 1, '2021-10-08 17:49:01', NULL, 'gain', NULL, NULL),
                                                                                                                   (34, 2, 10, '2021-10-08 18:23:07', NULL, 'retrait', NULL, 34),
                                                                                                                   (35, 2, 3, '2021-10-12 21:14:09', NULL, 'retrait', NULL, 35),
                                                                                                                   (36, 2, 1, '2021-10-13 08:20:01', NULL, 'retrait', NULL, 36),
                                                                                                                   (37, 2, 1, '2021-10-15 00:37:08', NULL, 'retrait', NULL, 43),
                                                                                                                   (38, 2, 3.32, '2021-10-15 00:46:21', NULL, 'gain', NULL, 43),
                                                                                                                   (39, 2, 1, '2021-10-15 01:22:07', NULL, 'retrait', NULL, 44),
                                                                                                                   (40, 2, 1, '2021-10-15 13:43:04', NULL, 'retrait', NULL, 45),
                                                                                                                   (41, 2, 3.75, '2021-10-15 13:50:29', NULL, 'gain', NULL, 45),
                                                                                                                   (42, 2, 1, '2021-10-15 13:58:52', NULL, 'retrait', NULL, 46),
                                                                                                                   (43, 2, 2.33, '2021-10-15 13:59:21', NULL, 'gain', NULL, 46),
                                                                                                                   (44, 2, 2.05, '2021-10-15 14:07:25', NULL, 'gain', NULL, 36),
                                                                                                                   (45, 2, 2.05, '2021-10-15 14:15:32', NULL, 'gain', NULL, 36),
                                                                                                                   (46, 2, 2.05, '2021-10-15 15:52:02', NULL, 'gain', NULL, 44),
                                                                                                                   (47, 2, 1.55, '2021-10-15 16:18:09', NULL, 'gain', NULL, 55),
                                                                                                                   (48, 2, 20.944, '2021-10-15 17:01:49', NULL, 'gain', NULL, 54),
                                                                                                                   (49, 2, 20.944, '2021-10-15 17:09:28', NULL, 'gain', NULL, 54),
                                                                                                                   (50, 2, 2.05, '2021-10-16 01:35:24', NULL, 'gain', NULL, 36),
                                                                                                                   (51, 2, 0, '2021-10-16 01:42:59', NULL, 'gain', NULL, 53),
                                                                                                                   (52, 2, 1, '2021-10-16 02:12:45', NULL, 'retrait', NULL, 62),
                                                                                                                   (53, 2, 1, '2021-10-16 02:12:45', NULL, 'retrait', NULL, 63),
                                                                                                                   (54, 2, 1, '2021-10-16 02:12:45', NULL, 'retrait', NULL, 64),
                                                                                                                   (55, 2, 1, '2021-10-16 02:12:45', NULL, 'retrait', NULL, 65),
                                                                                                                   (56, 2, 5, '2021-10-16 02:27:26', NULL, 'retrait', NULL, 66),
                                                                                                                   (57, 2, 5, '2021-10-16 02:32:50', NULL, 'retrait', NULL, 67),
                                                                                                                   (58, 2, 3, '2021-10-16 02:34:48', NULL, 'retrait', NULL, 68),
                                                                                                                   (59, 2, 3, '2021-10-16 02:36:25', NULL, 'retrait', NULL, 69),
                                                                                                                   (60, 2, 1, '2021-10-16 02:41:48', NULL, 'retrait', NULL, 70),
                                                                                                                   (61, 2, 1, '2021-10-16 02:46:03', NULL, 'retrait', NULL, 71),
                                                                                                                   (62, 2, 1, '2021-10-16 02:51:24', NULL, 'retrait', NULL, 72),
                                                                                                                   (63, 2, 1, '2021-10-16 13:20:22', NULL, 'retrait', NULL, 73),
                                                                                                                   (64, 2, 3, '2021-10-17 02:33:49', NULL, 'retrait', NULL, 75),
                                                                                                                   (65, 2, 1, '2021-10-18 19:49:48', NULL, 'retrait', NULL, 77),
                                                                                                                   (66, 2, 1, '2021-10-19 13:38:21', NULL, 'retrait', NULL, 79),
                                                                                                                   (67, 2, 1, '2021-10-19 13:38:21', NULL, 'retrait', NULL, 80),
                                                                                                                   (68, 2, 1, '2021-10-19 13:38:21', NULL, 'retrait', NULL, 81),
                                                                                                                   (69, 2, 1, '2021-10-19 13:38:22', NULL, 'retrait', NULL, 82),
                                                                                                                   (70, 2, 1, '2021-10-20 16:02:08', NULL, 'retrait', NULL, 86),
                                                                                                                   (71, 2, 1, '2021-10-20 16:02:08', NULL, 'retrait', NULL, 87),
                                                                                                                   (72, 2, 1, '2021-10-20 16:02:08', NULL, 'retrait', NULL, 88),
                                                                                                                   (73, 2, 1, '2021-10-20 16:02:08', NULL, 'retrait', NULL, 89),
                                                                                                                   (74, 2, 1, '2021-10-20 19:11:55', NULL, 'retrait', NULL, 91),
                                                                                                                   (75, 2, 1, '2021-10-20 19:11:55', NULL, 'retrait', NULL, 92),
                                                                                                                   (76, 2, 1, '2021-10-20 19:11:55', NULL, 'retrait', NULL, 93),
                                                                                                                   (77, 2, 1, '2021-10-20 19:11:55', NULL, 'retrait', NULL, 94),
                                                                                                                   (78, 2, 1, '2021-10-20 20:40:30', NULL, 'retrait', NULL, 96),
                                                                                                                   (79, 2, 1, '2021-10-20 20:40:30', NULL, 'retrait', NULL, 97),
                                                                                                                   (80, 2, 1, '2021-10-20 20:40:30', NULL, 'retrait', NULL, 98),
                                                                                                                   (81, 2, 1, '2021-10-20 20:40:30', NULL, 'retrait', NULL, 99),
                                                                                                                   (82, 2, 10, '2021-10-20 20:42:28', NULL, 'retrait', NULL, 100),
                                                                                                                   (83, 2, 1, '2021-10-20 20:43:21', NULL, 'retrait', NULL, 101),
                                                                                                                   (84, 2, 3, '2021-10-21 12:31:50', NULL, 'retrait', NULL, 104),
                                                                                                                   (85, 2, 3, '2021-10-21 12:31:50', NULL, 'retrait', NULL, 105),
                                                                                                                   (86, 2, 3, '2021-10-21 12:31:50', NULL, 'retrait', NULL, 106),
                                                                                                                   (87, 2, 3, '2021-10-21 12:31:50', NULL, 'retrait', NULL, 107),
                                                                                                                   (88, 2, 2, '2021-10-21 12:33:38', NULL, 'retrait', NULL, 109),
                                                                                                                   (89, 2, 2, '2021-10-21 12:33:38', NULL, 'retrait', NULL, 110),
                                                                                                                   (90, 2, 2, '2021-10-21 12:33:38', NULL, 'retrait', NULL, 111),
                                                                                                                   (91, 2, 2, '2021-10-21 12:33:38', NULL, 'retrait', NULL, 112),
                                                                                                                   (92, 2, 1, '2021-10-21 12:35:31', NULL, 'retrait', NULL, 114),
                                                                                                                   (93, 2, 1, '2021-10-21 12:35:31', NULL, 'retrait', NULL, 115),
                                                                                                                   (94, 2, 1, '2021-10-21 12:35:31', NULL, 'retrait', NULL, 116),
                                                                                                                   (95, 2, 1, '2021-10-21 12:35:31', NULL, 'retrait', NULL, 117),
                                                                                                                   (96, 2, 1, '2021-10-21 12:37:17', NULL, 'retrait', NULL, 119),
                                                                                                                   (97, 2, 1, '2021-10-21 12:37:17', NULL, 'retrait', NULL, 120),
                                                                                                                   (98, 2, 1, '2021-10-21 12:37:17', NULL, 'retrait', NULL, 121),
                                                                                                                   (99, 2, 1, '2021-10-21 12:37:17', NULL, 'retrait', NULL, 122),
                                                                                                                   (100, 2, 0.5, '2021-10-21 12:39:30', NULL, 'retrait', NULL, 124),
                                                                                                                   (101, 2, 0.5, '2021-10-21 12:39:30', NULL, 'retrait', NULL, 125),
                                                                                                                   (102, 2, 0.5, '2021-10-21 12:39:30', NULL, 'retrait', NULL, 126),
                                                                                                                   (103, 2, 0.5, '2021-10-21 12:39:30', NULL, 'retrait', NULL, 127),
                                                                                                                   (104, 2, 0.5, '2021-10-21 20:48:07', NULL, 'retrait', NULL, 130),
                                                                                                                   (105, 2, 0.5, '2021-10-21 20:48:07', NULL, 'retrait', NULL, 131),
                                                                                                                   (106, 2, 0.5, '2021-10-21 20:48:07', NULL, 'retrait', NULL, 132),
                                                                                                                   (107, 2, 0.5, '2021-10-21 20:48:07', NULL, 'retrait', NULL, 133),
                                                                                                                   (108, 2, 1, '2021-10-21 20:52:05', NULL, 'retrait', NULL, 135),
                                                                                                                   (109, 2, 1, '2021-10-21 20:52:05', NULL, 'retrait', NULL, 136),
                                                                                                                   (110, 2, 1, '2021-10-21 20:52:05', NULL, 'retrait', NULL, 137),
                                                                                                                   (111, 2, 1, '2021-10-21 20:52:05', NULL, 'retrait', NULL, 138),
                                                                                                                   (112, 2, 0.5, '2021-10-21 20:56:05', NULL, 'retrait', NULL, 140),
                                                                                                                   (113, 2, 0.5, '2021-10-21 20:56:05', NULL, 'retrait', NULL, 141),
                                                                                                                   (114, 2, 0.5, '2021-10-21 20:56:05', NULL, 'retrait', NULL, 142),
                                                                                                                   (115, 2, 0.5, '2021-10-21 20:56:05', NULL, 'retrait', NULL, 143),
                                                                                                                   (116, 2, 1, '2021-10-21 21:01:54', NULL, 'retrait', NULL, 145),
                                                                                                                   (117, 2, 1, '2021-10-23 02:46:20', NULL, 'retrait', NULL, 148),
                                                                                                                   (118, 2, 1, '2021-10-23 02:46:21', NULL, 'retrait', NULL, 149),
                                                                                                                   (119, 2, 1, '2021-10-23 02:46:21', NULL, 'retrait', NULL, 150),
                                                                                                                   (120, 2, 1, '2021-10-23 02:48:39', NULL, 'retrait', NULL, 151),
                                                                                                                   (121, 2, 1, '2021-10-23 02:48:40', NULL, 'retrait', NULL, 152),
                                                                                                                   (122, 2, 1, '2021-10-23 02:48:40', NULL, 'retrait', NULL, 153),
                                                                                                                   (123, 2, 1, '2021-10-23 02:48:40', NULL, 'retrait', NULL, 155),
                                                                                                                   (124, 2, 1, '2021-10-23 02:48:40', NULL, 'retrait', NULL, NULL),
                                                                                                                   (125, 2, 1, '2021-10-23 02:48:40', NULL, 'retrait', NULL, 156),
                                                                                                                   (126, 2, 1, '2021-10-23 02:48:40', NULL, 'retrait', NULL, 157),
                                                                                                                   (127, 2, 1, '2021-10-23 02:48:40', NULL, 'retrait', NULL, 158),
                                                                                                                   (128, 2, 1, '2021-10-23 15:02:22', NULL, 'retrait', NULL, 160),
                                                                                                                   (129, 2, 7, '2022-12-17 01:11:31', NULL, 'retrait', NULL, 161),
                                                                                                                   (130, 2, 2, '2022-12-21 11:48:18', NULL, 'retrait', NULL, 162),
                                                                                                                   (131, 2, 20, '2022-12-21 11:49:39', NULL, 'gain', NULL, 162);

-- --------------------------------------------------------

--
-- Structure de la table `type2choix`
--

CREATE TABLE `type2choix` (
                              `id` int(11) NOT NULL,
                              `choix1` varchar(255) DEFAULT NULL,
                              `choix2` varchar(255) DEFAULT NULL,
                              `choix3` varchar(255) DEFAULT NULL,
                              `choix4` varchar(255) DEFAULT NULL,
                              `choix5` varchar(255) DEFAULT NULL,
                              `choix6` varchar(255) DEFAULT NULL,
                              `choix7` varchar(255) DEFAULT NULL,
                              `choix8` varchar(255) DEFAULT NULL,
                              `choix9` varchar(255) DEFAULT NULL,
                              `choix10` varchar(255) DEFAULT NULL,
                              `choix11` varchar(255) DEFAULT NULL,
                              `choix12` varchar(255) DEFAULT NULL,
                              `choix13` varchar(255) DEFAULT NULL,
                              `choix14` varchar(255) DEFAULT NULL,
                              `choix15` varchar(255) DEFAULT NULL,
                              `choix16` varchar(255) DEFAULT NULL,
                              `choix17` varchar(255) DEFAULT NULL,
                              `choix18` varchar(255) DEFAULT NULL,
                              `choix19` varchar(255) DEFAULT NULL,
                              `choix20` varchar(255) DEFAULT NULL,
                              `name` varchar(255) NOT NULL,
                              `sport_id` int(11) DEFAULT NULL,
                              `choix21` varchar(255) DEFAULT NULL,
                              `choix22` varchar(255) DEFAULT NULL,
                              `choix23` varchar(255) DEFAULT NULL,
                              `choix24` varchar(255) DEFAULT NULL,
                              `choix25` varchar(255) DEFAULT NULL,
                              `choix26` varchar(255) DEFAULT NULL,
                              `choix27` varchar(255) DEFAULT NULL,
                              `choix28` varchar(255) DEFAULT NULL,
                              `choix29` varchar(255) DEFAULT NULL,
                              `choix30` varchar(255) DEFAULT NULL,
                              `choix31` varchar(255) DEFAULT NULL,
                              `choix32` varchar(255) DEFAULT NULL,
                              `choix33` varchar(255) DEFAULT NULL,
                              `choix34` varchar(255) DEFAULT NULL,
                              `choix35` varchar(255) DEFAULT NULL,
                              `choix36` varchar(255) DEFAULT NULL
) ENGINE=InnoDB DEFAULT CHARSET=utf8mb4 COLLATE=utf8mb4_unicode_ci;

--
-- Déchargement des données de la table `type2choix`
--

INSERT INTO `type2choix` (`id`, `choix1`, `choix2`, `choix3`, `choix4`, `choix5`, `choix6`, `choix7`, `choix8`, `choix9`, `choix10`, `choix11`, `choix12`, `choix13`, `choix14`, `choix15`, `choix16`, `choix17`, `choix18`, `choix19`, `choix20`, `name`, `sport_id`, `choix21`, `choix22`, `choix23`, `choix24`, `choix25`, `choix26`, `choix27`, `choix28`, `choix29`, `choix30`, `choix31`, `choix32`, `choix33`, `choix34`, `choix35`, `choix36`) VALUES
                                                                                                                                                                                                                                                                                                                                                                                                                                                           (1, '2-0', '2-1', '0-2', '1-2', NULL, NULL, NULL, NULL, NULL, NULL, NULL, NULL, NULL, NULL, NULL, NULL, NULL, NULL, NULL, NULL, 'score exact Dame', 1, NULL, NULL, NULL, NULL, NULL, NULL, NULL, NULL, NULL, NULL, NULL, NULL, NULL, NULL, NULL, NULL),
                                                                                                                                                                                                                                                                                                                                                                                                                                                           (2, 'favori', 'outsider', NULL, NULL, NULL, NULL, NULL, NULL, NULL, NULL, NULL, NULL, NULL, NULL, NULL, NULL, NULL, NULL, NULL, NULL, 'Vainqueur', 1, NULL, NULL, NULL, NULL, NULL, NULL, NULL, NULL, NULL, NULL, NULL, NULL, NULL, NULL, NULL, NULL),
                                                                                                                                                                                                                                                                                                                                                                                                                                                           (3, '6 - 0', '6 - 1', '6 - 2', '6 - 3', '6 - 4', '7 - 5', '7 - 6', '0 - 6', '1 - 6', '2 - 6', '3 - 6', '4 - 6', '5 - 7', '6 - 7', NULL, NULL, NULL, NULL, NULL, NULL, 'Score Exact - 1er Set', 1, NULL, NULL, NULL, NULL, NULL, NULL, NULL, NULL, NULL, NULL, NULL, NULL, NULL, NULL, NULL, NULL),
                                                                                                                                                                                                                                                                                                                                                                                                                                                           (4, '6 - 0', '6 - 1', '6 - 2', '6 - 3', '6 - 4', '7 - 5', '7 - 6', '0 - 6', '1 - 6', '2 - 6', '3 - 6', '4 - 6', '5 - 7', '6 - 7', NULL, NULL, NULL, NULL, NULL, NULL, 'Score Exact - 2e Set', 1, NULL, NULL, NULL, NULL, NULL, NULL, NULL, NULL, NULL, NULL, NULL, NULL, NULL, NULL, NULL, NULL),
                                                                                                                                                                                                                                                                                                                                                                                                                                                           (5, '3 sets', '4 sets', '5 sets', NULL, NULL, NULL, NULL, NULL, NULL, NULL, NULL, NULL, NULL, NULL, NULL, NULL, NULL, NULL, NULL, NULL, 'Nombre de sets H GrandChelem', 1, NULL, NULL, NULL, NULL, NULL, NULL, NULL, NULL, NULL, NULL, NULL, NULL, NULL, NULL, NULL, NULL),
                                                                                                                                                                                                                                                                                                                                                                                                                                                           (6, '2 sets', '3 sets', NULL, NULL, NULL, NULL, NULL, NULL, NULL, NULL, NULL, NULL, NULL, NULL, NULL, NULL, NULL, NULL, NULL, NULL, 'nombre de sets', 1, NULL, NULL, NULL, NULL, NULL, NULL, NULL, NULL, NULL, NULL, NULL, NULL, NULL, NULL, NULL, NULL),
                                                                                                                                                                                                                                                                                                                                                                                                                                                           (7, '3-0', '3-1', '3-2', '0-3', '1-3', '2-3', NULL, NULL, NULL, NULL, NULL, NULL, NULL, NULL, NULL, NULL, NULL, NULL, NULL, NULL, 'score exact Homme Open', 1, NULL, NULL, NULL, NULL, NULL, NULL, NULL, NULL, NULL, NULL, NULL, NULL, NULL, NULL, NULL, NULL),
                                                                                                                                                                                                                                                                                                                                                                                                                                                           (8, '2', '3', NULL, NULL, NULL, NULL, NULL, NULL, NULL, NULL, NULL, NULL, NULL, NULL, NULL, NULL, NULL, NULL, NULL, NULL, 'nombre2setsDame', 1, NULL, NULL, NULL, NULL, NULL, NULL, NULL, NULL, NULL, NULL, NULL, NULL, NULL, NULL, NULL, NULL),
                                                                                                                                                                                                                                                                                                                                                                                                                                                           (9, '+3.5', '+4.5', '-3.5', '-4.5', NULL, NULL, NULL, NULL, NULL, NULL, NULL, NULL, NULL, NULL, NULL, NULL, NULL, NULL, NULL, NULL, 'nombre2setsHomme', 1, NULL, NULL, NULL, NULL, NULL, NULL, NULL, NULL, NULL, NULL, NULL, NULL, NULL, NULL, NULL, NULL),
                                                                                                                                                                                                                                                                                                                                                                                                                                                           (10, 'oui', 'non', NULL, NULL, NULL, NULL, NULL, NULL, NULL, NULL, NULL, NULL, NULL, NULL, NULL, NULL, NULL, NULL, NULL, NULL, 'OutsiderRemporteAuMoins1Set', 1, NULL, NULL, NULL, NULL, NULL, NULL, NULL, NULL, NULL, NULL, NULL, NULL, NULL, NULL, NULL, NULL),
                                                                                                                                                                                                                                                                                                                                                                                                                                                           (11, 'oui', 'non', NULL, NULL, NULL, NULL, NULL, NULL, NULL, NULL, NULL, NULL, NULL, NULL, NULL, NULL, NULL, NULL, NULL, NULL, 'FavoriRemporteAuMoins1Set', 1, NULL, NULL, NULL, NULL, NULL, NULL, NULL, NULL, NULL, NULL, NULL, NULL, NULL, NULL, NULL, NULL),
                                                                                                                                                                                                                                                                                                                                                                                                                                                           (12, 'oui', 'non', NULL, NULL, NULL, NULL, NULL, NULL, NULL, NULL, NULL, NULL, NULL, NULL, NULL, NULL, NULL, NULL, NULL, NULL, '6-0 ou 0-6 dans un set', 1, NULL, NULL, NULL, NULL, NULL, NULL, NULL, NULL, NULL, NULL, NULL, NULL, NULL, NULL, NULL, NULL),
                                                                                                                                                                                                                                                                                                                                                                                                                                                           (13, 'Outsider/Outsider', 'Favori/Outsider', 'Outsider/Favori', 'Favori/Favori', NULL, NULL, NULL, NULL, NULL, NULL, NULL, NULL, NULL, NULL, NULL, NULL, NULL, NULL, NULL, NULL, 'Résultat double (1er set et match)', 1, NULL, NULL, NULL, NULL, NULL, NULL, NULL, NULL, NULL, NULL, NULL, NULL, NULL, NULL, NULL, NULL),
                                                                                                                                                                                                                                                                                                                                                                                                                                                           (14, '3', '4', '5', NULL, NULL, NULL, NULL, NULL, NULL, NULL, NULL, NULL, NULL, NULL, NULL, NULL, NULL, NULL, NULL, NULL, 'Nombre exact de sets H Open', 1, NULL, NULL, NULL, NULL, NULL, NULL, NULL, NULL, NULL, NULL, NULL, NULL, NULL, NULL, NULL, NULL),
                                                                                                                                                                                                                                                                                                                                                                                                                                                           (15, '2', '3', NULL, NULL, NULL, NULL, NULL, NULL, NULL, NULL, NULL, NULL, NULL, NULL, NULL, NULL, NULL, NULL, NULL, NULL, 'Nombre exact de sets', 1, NULL, NULL, NULL, NULL, NULL, NULL, NULL, NULL, NULL, NULL, NULL, NULL, NULL, NULL, NULL, NULL),
                                                                                                                                                                                                                                                                                                                                                                                                                                                           (16, 'oui', 'non', NULL, NULL, NULL, NULL, NULL, NULL, NULL, NULL, NULL, NULL, NULL, NULL, NULL, NULL, NULL, NULL, NULL, NULL, 'Tie-break au cours du match', 1, NULL, NULL, NULL, NULL, NULL, NULL, NULL, NULL, NULL, NULL, NULL, NULL, NULL, NULL, NULL, NULL),
                                                                                                                                                                                                                                                                                                                                                                                                                                                           (17, 'Favori', 'Outsider', NULL, NULL, NULL, NULL, NULL, NULL, NULL, NULL, NULL, NULL, NULL, NULL, NULL, NULL, NULL, NULL, NULL, NULL, 'Premier joueur à réaliser un break', 1, NULL, NULL, NULL, NULL, NULL, NULL, NULL, NULL, NULL, NULL, NULL, NULL, NULL, NULL, NULL, NULL),
                                                                                                                                                                                                                                                                                                                                                                                                                                                           (18, '+7.5', '+8.5', '+9.5', '+10.5', '+12.5', '-7.5', '-8.5', '-9.5', '-10.5', '-12.5', NULL, NULL, NULL, NULL, NULL, NULL, NULL, NULL, NULL, NULL, '1er set - Nombre de jeux', 1, NULL, NULL, NULL, NULL, NULL, NULL, NULL, NULL, NULL, NULL, NULL, NULL, NULL, NULL, NULL, NULL),
                                                                                                                                                                                                                                                                                                                                                                                                                                                           (19, 'Favori', 'Outsider', NULL, NULL, NULL, NULL, NULL, NULL, NULL, NULL, NULL, NULL, NULL, NULL, NULL, NULL, NULL, NULL, NULL, NULL, '1er set - Vainqueur', 1, NULL, NULL, NULL, NULL, NULL, NULL, NULL, NULL, NULL, NULL, NULL, NULL, NULL, NULL, NULL, NULL),
                                                                                                                                                                                                                                                                                                                                                                                                                                                           (20, '+14.5', '+15.5', '+16.5', '+17.5', '+18.5', '+19.5', '+20.5', '+21.5', '+22.5', '-12.5', '-14.5', '-15.5', '-16.5', '-17.5', '-18.5', '-19.5', '-20.5', '-21.5', '-22.5', NULL, 'Nombre de jeux Dame', 1, NULL, NULL, NULL, NULL, NULL, NULL, NULL, NULL, NULL, NULL, NULL, NULL, NULL, NULL, NULL, NULL),
                                                                                                                                                                                                                                                                                                                                                                                                                                                           (21, '+10.5', '-10.5', NULL, NULL, NULL, NULL, NULL, NULL, NULL, NULL, NULL, NULL, NULL, NULL, NULL, NULL, NULL, NULL, NULL, NULL, 'Nombre d\'aces', 1, NULL, NULL, NULL, NULL, NULL, NULL, NULL, NULL, NULL, NULL, NULL, NULL, NULL, NULL, NULL, NULL),
(22, '1', 'N', '2', NULL, NULL, NULL, NULL, NULL, NULL, NULL, NULL, NULL, NULL, NULL, NULL, NULL, NULL, NULL, NULL, NULL, 'Resultat Foot', 3, NULL, NULL, NULL, NULL, NULL, NULL, NULL, NULL, NULL, NULL, NULL, NULL, NULL, NULL, NULL, NULL),
(23, '1-0', '2-0', '2-1', '3-0', '3-1', '3-2', '4-0', '4-1', '4-2', '4-3', '5-0', '5-1', '5-2', '5-3', '5-4', '0-0', '1-1', '2-2', '3-3', '4-4', 'Score Exact Foot', 3, 'Autre', '0-1', '0-2', '1-2', '0-3', '1-3', '2-3', '0-4', '1-4', '2-4', '3-4', '0-5', '1-5', '2-5', '3-5', '4-5'),
(24, '1-0 ou 2-0 ou 3-0', '0-1 ou 0-2 ou 0-3', '4-0 ou 5-0 ou 6-0', '0-4 ou 0-5 ou 0-6', '2-1 ou 3-1 ou 4-1', '1-2 ou 1-3 ou 1-4', '3-2 ou 4-2 ou 4-3 ou 5-1', '2-3 ou 2-4 ou 3-4 ou 1-5', 'favori autre score', 'outsider autre score', 'nul', NULL, NULL, NULL, NULL, NULL, NULL, NULL, NULL, NULL, 'score exact multichance', 3, NULL, NULL, NULL, NULL, NULL, NULL, NULL, NULL, NULL, NULL, NULL, NULL, NULL, NULL, NULL, NULL),
(25, 'favori-1-5', 'favori-6-10', 'favori-11-15', 'favori-16-20', 'favori-21-25', 'favori-26+', 'outsider-1-5', 'outsider-6-10', 'outsider-11-15', 'outsider-16-20', 'outsider-21-25', 'outsider-26+', NULL, NULL, NULL, NULL, NULL, NULL, NULL, NULL, 'ecart du gagnant', 2, NULL, NULL, NULL, NULL, NULL, NULL, NULL, NULL, NULL, NULL, NULL, NULL, NULL, NULL, NULL, NULL),
(26, 'Entre 1 et 5 pts', 'Entre 6 et 10 pts', 'Entre 11 et 15 pts', 'Entre 16 et 20 pts', 'Entre 21 et 25 pts', 'Entre 26 et 30 pts', '31 pts ou plus', NULL, NULL, NULL, NULL, NULL, NULL, NULL, NULL, NULL, NULL, NULL, NULL, NULL, 'Marge du vainqueur', 2, NULL, NULL, NULL, NULL, NULL, NULL, NULL, NULL, NULL, NULL, NULL, NULL, NULL, NULL, NULL, NULL),
(27, '+60.5', '+61.5', '+62.5', '+63.5', '+64.5', '+65.5', '+66.5', '+67.5', '+68.5', '+69.5', '+70.5', '+71.5', '+50.5', '+51.5', '+52.5', '+53.5', '+54.5', '+55.5', '+56.5', '+57.5', 'nombre de points QT1', 2, '+59.5', '+49.5', '+48.5', '+47.5', '+46.5', '+45.5', '-60.5', '-59.5', '-58.5', '-57.5', '-56.5', '-55.5', '-54.5', '-53.5', '-52.5', '-51.5');

-- --------------------------------------------------------

--
-- Structure de la table `type2pari`
--

CREATE TABLE `type2pari` (
  `id` int(11) NOT NULL,
  `name` varchar(255) DEFAULT NULL,
  `choix2` varchar(255) DEFAULT NULL,
  `choix3` varchar(255) DEFAULT NULL,
  `choix4` varchar(255) NOT NULL
) ENGINE=InnoDB DEFAULT CHARSET=utf8mb4 COLLATE=utf8mb4_unicode_ci;

-- --------------------------------------------------------

--
-- Structure de la table `typedepari`
--

CREATE TABLE `typedepari` (
  `id` int(11) NOT NULL,
  `type2choix_id` int(11) DEFAULT NULL
) ENGINE=InnoDB DEFAULT CHARSET=utf8mb4 COLLATE=utf8mb4_unicode_ci;

--
-- Déchargement des données de la table `typedepari`
--

INSERT INTO `typedepari` (`id`, `type2choix_id`) VALUES
(1, 1),
(2, 2),
(3, 3),
(4, 4),
(5, 5),
(6, 6),
(7, 7),
(8, 8),
(9, 9),
(10, 10),
(11, 11),
(12, 12),
(13, 13),
(14, 14),
(15, 15),
(16, 16),
(17, 17),
(18, 18),
(19, 19),
(20, 20),
(21, 21),
(22, 22),
(23, 23),
(24, 24),
(25, 25),
(26, 26),
(27, 27);

-- --------------------------------------------------------

--
-- Structure de la table `typepari`
--

CREATE TABLE `typepari` (
  `id` int(11) NOT NULL,
  `name` varchar(255) NOT NULL,
  `description` varchar(255) DEFAULT NULL
) ENGINE=InnoDB DEFAULT CHARSET=utf8mb4 COLLATE=utf8mb4_unicode_ci;

--
-- Déchargement des données de la table `typepari`
--

INSERT INTO `typepari` (`id`, `name`, `description`) VALUES
(1, 'Face à face', 'il faut deviner le vainqueur du match'),
(2, 'Score Exact - Live Match', 'score exact avec tous les sets'),
(3, 'Nombre de sets dans le match - Live Match', '2 ou 3 sets');

-- --------------------------------------------------------

--
-- Structure de la table `typopari`
--

CREATE TABLE `typopari` (
  `id` int(11) NOT NULL,
  `nom` varchar(255) NOT NULL,
  `score_2_0` double NOT NULL,
  `score_2_1` double NOT NULL,
  `score_0_2` double NOT NULL,
  `score_1_2` double NOT NULL,
  `affiche_id` int(11) DEFAULT NULL
) ENGINE=InnoDB DEFAULT CHARSET=utf8mb4 COLLATE=utf8mb4_unicode_ci;

--
-- Déchargement des données de la table `typopari`
--

INSERT INTO `typopari` (`id`, `nom`, `score_2_0`, `score_2_1`, `score_0_2`, `score_1_2`, `affiche_id`) VALUES
(1, 'SCORE EXACT', 2.1, 2.4, 3.2, 4.4, NULL),
(2, 'exact dodin bucsa', 2.05, 3.9, 3.65, 5.2, 7);

-- --------------------------------------------------------

--
-- Structure de la table `user`
--

CREATE TABLE `user` (
  `id` int(11) NOT NULL,
  `email` varchar(180) NOT NULL,
  `roles` longtext NOT NULL COMMENT '(DC2Type:json)',
  `password` varchar(255) NOT NULL,
  `isVerified` tinyint(1) NOT NULL,
  `nom` varchar(255) NOT NULL,
  `prenom` varchar(255) NOT NULL,
  `birth_date` datetime DEFAULT NULL,
  `profession` varchar(255) DEFAULT NULL,
  `nickname` varchar(255) DEFAULT NULL,
  `solde_id` int(11) DEFAULT NULL
) ENGINE=InnoDB DEFAULT CHARSET=utf8mb4 COLLATE=utf8mb4_unicode_ci;

--
-- Déchargement des données de la table `user`
--

INSERT INTO `user` (`id`, `email`, `roles`, `password`, `isVerified`, `nom`, `prenom`, `birth_date`, `profession`, `nickname`, `solde_id`) VALUES
(2, 'cedricbooster@yahoo.fr', '[\"ROLE_ADMIN\"]', '$2y$13$qytBK0Ad3Sj1IRXNOJ1p7.XrUmzZvx4gdGmxLhXUjTqaE8vex0RJu', 0, 'WALLACE', 'Heinz', '1992-12-12 00:00:00', 'commercial', 'bigwallace', 2),
(3, 'lawebagence@gmail.com', '[\"ROLE_ADMIN\"]', '$2y$13$TCOQ/0pj6/HHSxEEWlpJfuKdD4COB6IpH6ghzrBNP4UlIt6rVx.m6', 0, 'booster', 'cedric', '1973-03-03 00:00:00', 'informaticien', 'cedricbooster', 3);

-- --------------------------------------------------------

--
-- Structure de la table `vainqueur`
--

CREATE TABLE `vainqueur` (
                             `id` int(11) NOT NULL,
                             `affiche_id` int(11) DEFAULT NULL,
                             `favori` double NOT NULL,
                             `outsider` double NOT NULL,
                             `name` varchar(255) NOT NULL
) ENGINE=InnoDB DEFAULT CHARSET=utf8mb4 COLLATE=utf8mb4_unicode_ci;

--
-- Déchargement des données de la table `vainqueur`
--

INSERT INTO `vainqueur` (`id`, `affiche_id`, `favori`, `outsider`, `name`) VALUES
    (1, 7, 1.4, 2.6, 'Vainqueur');

--
-- Index pour les tables déchargées
--

--
-- Index pour la table `admin`
--
ALTER TABLE `admin`
    ADD PRIMARY KEY (`id`),
  ADD UNIQUE KEY `UNIQ_49CF2272E7927C74` (`email`);

--
-- Index pour la table `affiche`
--
ALTER TABLE `affiche`
    ADD PRIMARY KEY (`id`),
  ADD KEY `IDX_2B8C7691F607770A` (`tournoi_id`),
  ADD KEY `IDX_2B8C7691FF17033F` (`favori_id`),
  ADD KEY `IDX_2B8C76912D521FDF` (`challenger_id`),
  ADD KEY `IDX_2B8C7691295A3090` (`equipeA_id`),
  ADD KEY `IDX_2B8C769174B29CAE` (`EquipeB_id`);

--
-- Index pour la table `association`
--
ALTER TABLE `association`
    ADD PRIMARY KEY (`id`),
  ADD KEY `IDX_7B19AE1BAC78BCF8` (`sport_id`);

--
-- Index pour la table `athlete`
--
ALTER TABLE `athlete`
    ADD PRIMARY KEY (`id`),
  ADD UNIQUE KEY `UNIQ_F86BABD20F64684` (`ranking_id`),
  ADD KEY `IDX_F86BABDA6E44244` (`pays_id`),
  ADD KEY `IDX_F86BABD87998E` (`origine_id`),
  ADD KEY `IDX_F86BABDB4BB6BBC` (`birth_place_id`),
  ADD KEY `IDX_F86BABDAC78BCF8` (`sport_id`);

--
-- Index pour la table `athlete_equipe`
--
ALTER TABLE `athlete_equipe`
    ADD PRIMARY KEY (`athlete_id`,`equipe_id`),
  ADD KEY `IDX_8C286E59FE6BCB8B` (`athlete_id`),
  ADD KEY `IDX_8C286E596D861B89` (`equipe_id`);

--
-- Index pour la table `bankroll`
--
ALTER TABLE `bankroll`
    ADD PRIMARY KEY (`id`),
  ADD UNIQUE KEY `UNIQ_F0B6980C7E3C61F9` (`owner_id`);

--
-- Index pour la table `bet`
--
ALTER TABLE `bet`
    ADD PRIMARY KEY (`id`),
  ADD KEY `IDX_C3BDAA7B48A60577` (`affiche_id`),
  ADD KEY `IDX_C3BDAA7B938D61FC` (`TypedePari_id`);

--
-- Index pour la table `choix`
--
ALTER TABLE `choix`
    ADD PRIMARY KEY (`id`),
  ADD KEY `IDX_8E89AF9571179CD6` (`name_id`),
  ADD KEY `IDX_8E89AF95EE90C4AE` (`pari_id`);

--
-- Index pour la table `city`
--
ALTER TABLE `city`
    ADD PRIMARY KEY (`id`),
  ADD KEY `IDX_8D69AD0AF92F3E70` (`country_id`),
  ADD KEY `IDX_8D69AD0AA6E44244` (`pays_id`);

--
-- Index pour la table `classement`
--
ALTER TABLE `classement`
    ADD PRIMARY KEY (`id`),
  ADD KEY `IDX_1AB39EBDEFB9C8A5` (`association_id`);

--
-- Index pour la table `continent`
--
ALTER TABLE `continent`
    ADD PRIMARY KEY (`id`);

--
-- Index pour la table `doctrine_migration_versions`
--
ALTER TABLE `doctrine_migration_versions`
    ADD PRIMARY KEY (`version`);

--
-- Index pour la table `document`
--
ALTER TABLE `document`
    ADD PRIMARY KEY (`id`),
  ADD KEY `IDX_211FE820FCC1DF54` (`athete_id`);

--
-- Index pour la table `equipe`
--
ALTER TABLE `equipe`
    ADD PRIMARY KEY (`id`),
  ADD KEY `IDX_23E5BF23AC78BCF8` (`sport_id`),
  ADD KEY `IDX_23E5BF23A6E44244` (`pays_id`),
  ADD KEY `IDX_23E5BF23F607770A` (`tournoi_id`);

--
-- Index pour la table `equipe_athlete`
--
ALTER TABLE `equipe_athlete`
    ADD PRIMARY KEY (`equipe_id`,`athlete_id`),
  ADD KEY `IDX_183B9F9D6D861B89` (`equipe_id`),
  ADD KEY `IDX_183B9F9DFE6BCB8B` (`athlete_id`);

--
-- Index pour la table `formule`
--
ALTER TABLE `formule`
    ADD PRIMARY KEY (`id`);

--
-- Index pour la table `formulepari`
--
ALTER TABLE `formulepari`
    ADD PRIMARY KEY (`id`);

--
-- Index pour la table `game`
--
ALTER TABLE `game`
    ADD PRIMARY KEY (`id`),
  ADD KEY `IDX_83199EB22A68F4D1` (`formule_id`),
  ADD KEY `IDX_83199EB29FBD62B1` (`parieur_id`),
  ADD KEY `IDX_83199EB2727ACA70` (`parent_id`);

--
-- Index pour la table `game_pronostic`
--
ALTER TABLE `game_pronostic`
    ADD PRIMARY KEY (`game_id`,`pronostic_id`),
  ADD KEY `IDX_34ED1DDCE48FD905` (`game_id`),
  ADD KEY `IDX_34ED1DDC2DD5CFE7` (`pronostic_id`);

--
-- Index pour la table `jeu`
--
ALTER TABLE `jeu`
    ADD PRIMARY KEY (`id`),
  ADD UNIQUE KEY `UNIQ_BAA9CB552DD5CFE7` (`pronostic_id`),
  ADD KEY `IDX_BAA9CB552A68F4D1` (`formule_id`),
  ADD KEY `IDX_BAA9CB559FBD62B1` (`parieur_id`);

--
-- Index pour la table `les2joueurswin1set`
--
ALTER TABLE `les2joueurswin1set`
    ADD PRIMARY KEY (`id`),
  ADD KEY `IDX_6C0BEC3848A60577` (`affiche_id`);

--
-- Index pour la table `nombre2sets`
--
ALTER TABLE `nombre2sets`
    ADD PRIMARY KEY (`id`),
  ADD KEY `IDX_3BCDBCDA48A60577` (`affiche_id`);

--
-- Index pour la table `pari`
--
ALTER TABLE `pari`
    ADD PRIMARY KEY (`id`),
  ADD KEY `IDX_8A3BB3212A68F4D1` (`formule_id`),
  ADD KEY `IDX_8A3BB321D871DC26` (`bet_id`),
  ADD KEY `IDX_8A3BB32160BB6FE6` (`auteur_id`),
  ADD KEY `IDX_8A3BB321737C2DC5` (`mise_id`);

--
-- Index pour la table `pays`
--
ALTER TABLE `pays`
    ADD PRIMARY KEY (`id`),
  ADD UNIQUE KEY `UNIQ_94AD9390B126FF46` (`capitale_id`),
  ADD KEY `IDX_94AD93909F2C3FAB` (`zone_id`);

--
-- Index pour la table `pronostic`
--
ALTER TABLE `pronostic`
    ADD PRIMARY KEY (`id`),
  ADD KEY `IDX_64BA5E7DD871DC26` (`bet_id`),
  ADD KEY `IDX_64BA5E7DF675F31B` (`author_id`),
  ADD KEY `IDX_64BA5E7D48A60577` (`affiche_id`),
  ADD KEY `IDX_64BA5E7DA6E256C5` (`game1_id`);

--
-- Index pour la table `pronostic_game`
--
ALTER TABLE `pronostic_game`
    ADD PRIMARY KEY (`pronostic_id`,`game_id`),
  ADD KEY `IDX_50A2B0C52DD5CFE7` (`pronostic_id`),
  ADD KEY `IDX_50A2B0C5E48FD905` (`game_id`);

--
-- Index pour la table `sport`
--
ALTER TABLE `sport`
    ADD PRIMARY KEY (`id`);

--
-- Index pour la table `surface`
--
ALTER TABLE `surface`
    ADD PRIMARY KEY (`id`);

--
-- Index pour la table `tournoi`
--
ALTER TABLE `tournoi`
    ADD PRIMARY KEY (`id`),
  ADD KEY `IDX_D712E0438BAC62AF` (`city_id`),
  ADD KEY `IDX_D712E043CA11F534` (`surface_id`),
  ADD KEY `IDX_D712E043F4E9CCA9` (`tenant_titre_id`),
  ADD KEY `IDX_D712E043AC78BCF8` (`sport_id`);

--
-- Index pour la table `transaction`
--
ALTER TABLE `transaction`
    ADD PRIMARY KEY (`id`),
  ADD KEY `IDX_F4AB8A0660BB6FE6` (`auteur_id`),
  ADD KEY `IDX_F4AB8A068C9E392E` (`jeu_id`),
  ADD KEY `IDX_F4AB8A06E48FD905` (`game_id`);

--
-- Index pour la table `type2choix`
--
ALTER TABLE `type2choix`
    ADD PRIMARY KEY (`id`),
  ADD KEY `IDX_BA731832AC78BCF8` (`sport_id`);

--
-- Index pour la table `type2pari`
--
ALTER TABLE `type2pari`
    ADD PRIMARY KEY (`id`);

--
-- Index pour la table `typedepari`
--
ALTER TABLE `typedepari`
    ADD PRIMARY KEY (`id`),
  ADD KEY `IDX_13631054B9C7075E` (`type2choix_id`);

--
-- Index pour la table `typepari`
--
ALTER TABLE `typepari`
    ADD PRIMARY KEY (`id`);

--
-- Index pour la table `typopari`
--
ALTER TABLE `typopari`
    ADD PRIMARY KEY (`id`),
  ADD KEY `IDX_768136CD48A60577` (`affiche_id`);

--
-- Index pour la table `user`
--
ALTER TABLE `user`
    ADD PRIMARY KEY (`id`),
  ADD UNIQUE KEY `UNIQ_2DA17977E7927C74` (`email`),
  ADD KEY `IDX_2DA17977BC7F70A9` (`solde_id`);

--
-- Index pour la table `vainqueur`
--
ALTER TABLE `vainqueur`
    ADD PRIMARY KEY (`id`),
  ADD KEY `IDX_EDDCE6D248A60577` (`affiche_id`);

--
-- AUTO_INCREMENT pour les tables déchargées
--

--
-- AUTO_INCREMENT pour la table `admin`
--
ALTER TABLE `admin`
    MODIFY `id` int(11) NOT NULL AUTO_INCREMENT;

--
-- AUTO_INCREMENT pour la table `affiche`
--
ALTER TABLE `affiche`
    MODIFY `id` int(11) NOT NULL AUTO_INCREMENT, AUTO_INCREMENT=130;

--
-- AUTO_INCREMENT pour la table `association`
--
ALTER TABLE `association`
    MODIFY `id` int(11) NOT NULL AUTO_INCREMENT, AUTO_INCREMENT=7;

--
-- AUTO_INCREMENT pour la table `athlete`
--
ALTER TABLE `athlete`
    MODIFY `id` int(11) NOT NULL AUTO_INCREMENT, AUTO_INCREMENT=306;

--
-- AUTO_INCREMENT pour la table `bankroll`
--
ALTER TABLE `bankroll`
    MODIFY `id` int(11) NOT NULL AUTO_INCREMENT, AUTO_INCREMENT=4;

--
-- AUTO_INCREMENT pour la table `bet`
--
ALTER TABLE `bet`
    MODIFY `id` int(11) NOT NULL AUTO_INCREMENT, AUTO_INCREMENT=305;

--
-- AUTO_INCREMENT pour la table `choix`
--
ALTER TABLE `choix`
    MODIFY `id` int(11) NOT NULL AUTO_INCREMENT, AUTO_INCREMENT=2;

--
-- AUTO_INCREMENT pour la table `city`
--
ALTER TABLE `city`
    MODIFY `id` int(11) NOT NULL AUTO_INCREMENT, AUTO_INCREMENT=16;

--
-- AUTO_INCREMENT pour la table `classement`
--
ALTER TABLE `classement`
    MODIFY `id` int(11) NOT NULL AUTO_INCREMENT, AUTO_INCREMENT=284;

--
-- AUTO_INCREMENT pour la table `continent`
--
ALTER TABLE `continent`
    MODIFY `id` int(11) NOT NULL AUTO_INCREMENT;

--
-- AUTO_INCREMENT pour la table `document`
--
ALTER TABLE `document`
    MODIFY `id` int(11) NOT NULL AUTO_INCREMENT;

--
-- AUTO_INCREMENT pour la table `equipe`
--
ALTER TABLE `equipe`
    MODIFY `id` int(11) NOT NULL AUTO_INCREMENT, AUTO_INCREMENT=144;

--
-- AUTO_INCREMENT pour la table `formule`
--
ALTER TABLE `formule`
    MODIFY `id` int(11) NOT NULL AUTO_INCREMENT, AUTO_INCREMENT=4;

--
-- AUTO_INCREMENT pour la table `formulepari`
--
ALTER TABLE `formulepari`
    MODIFY `id` int(11) NOT NULL AUTO_INCREMENT;

--
-- AUTO_INCREMENT pour la table `game`
--
ALTER TABLE `game`
    MODIFY `id` int(11) NOT NULL AUTO_INCREMENT, AUTO_INCREMENT=163;

--
-- AUTO_INCREMENT pour la table `jeu`
--
ALTER TABLE `jeu`
    MODIFY `id` int(11) NOT NULL AUTO_INCREMENT, AUTO_INCREMENT=12;

--
-- AUTO_INCREMENT pour la table `les2joueurswin1set`
--
ALTER TABLE `les2joueurswin1set`
    MODIFY `id` int(11) NOT NULL AUTO_INCREMENT, AUTO_INCREMENT=2;

--
-- AUTO_INCREMENT pour la table `nombre2sets`
--
ALTER TABLE `nombre2sets`
    MODIFY `id` int(11) NOT NULL AUTO_INCREMENT, AUTO_INCREMENT=2;

--
-- AUTO_INCREMENT pour la table `pari`
--
ALTER TABLE `pari`
    MODIFY `id` int(11) NOT NULL AUTO_INCREMENT;

--
-- AUTO_INCREMENT pour la table `pays`
--
ALTER TABLE `pays`
    MODIFY `id` int(11) NOT NULL AUTO_INCREMENT, AUTO_INCREMENT=55;

--
-- AUTO_INCREMENT pour la table `pronostic`
--
ALTER TABLE `pronostic`
    MODIFY `id` int(11) NOT NULL AUTO_INCREMENT, AUTO_INCREMENT=204;

--
-- AUTO_INCREMENT pour la table `sport`
--
ALTER TABLE `sport`
    MODIFY `id` int(11) NOT NULL AUTO_INCREMENT, AUTO_INCREMENT=4;

--
-- AUTO_INCREMENT pour la table `surface`
--
ALTER TABLE `surface`
    MODIFY `id` int(11) NOT NULL AUTO_INCREMENT, AUTO_INCREMENT=4;

--
-- AUTO_INCREMENT pour la table `tournoi`
--
ALTER TABLE `tournoi`
    MODIFY `id` int(11) NOT NULL AUTO_INCREMENT, AUTO_INCREMENT=41;

--
-- AUTO_INCREMENT pour la table `transaction`
--
ALTER TABLE `transaction`
    MODIFY `id` int(11) NOT NULL AUTO_INCREMENT, AUTO_INCREMENT=132;

--
-- AUTO_INCREMENT pour la table `type2choix`
--
ALTER TABLE `type2choix`
    MODIFY `id` int(11) NOT NULL AUTO_INCREMENT, AUTO_INCREMENT=28;

--
-- AUTO_INCREMENT pour la table `type2pari`
--
ALTER TABLE `type2pari`
    MODIFY `id` int(11) NOT NULL AUTO_INCREMENT;

--
-- AUTO_INCREMENT pour la table `typedepari`
--
ALTER TABLE `typedepari`
    MODIFY `id` int(11) NOT NULL AUTO_INCREMENT, AUTO_INCREMENT=28;

--
-- AUTO_INCREMENT pour la table `typepari`
--
ALTER TABLE `typepari`
    MODIFY `id` int(11) NOT NULL AUTO_INCREMENT, AUTO_INCREMENT=4;

--
-- AUTO_INCREMENT pour la table `typopari`
--
ALTER TABLE `typopari`
    MODIFY `id` int(11) NOT NULL AUTO_INCREMENT, AUTO_INCREMENT=3;

--
-- AUTO_INCREMENT pour la table `user`
--
ALTER TABLE `user`
    MODIFY `id` int(11) NOT NULL AUTO_INCREMENT, AUTO_INCREMENT=4;

--
-- AUTO_INCREMENT pour la table `vainqueur`
--
ALTER TABLE `vainqueur`
    MODIFY `id` int(11) NOT NULL AUTO_INCREMENT, AUTO_INCREMENT=2;

--
-- Contraintes pour les tables déchargées
--

--
-- Contraintes pour la table `affiche`
--
ALTER TABLE `affiche`
    ADD CONSTRAINT `FK_2B8C7691295A3090` FOREIGN KEY (`equipeA_id`) REFERENCES `equipe` (`id`),
  ADD CONSTRAINT `FK_2B8C76912D521FDF` FOREIGN KEY (`challenger_id`) REFERENCES `athlete` (`id`),
  ADD CONSTRAINT `FK_2B8C769174B29CAE` FOREIGN KEY (`EquipeB_id`) REFERENCES `equipe` (`id`),
  ADD CONSTRAINT `FK_2B8C7691F607770A` FOREIGN KEY (`tournoi_id`) REFERENCES `tournoi` (`id`),
  ADD CONSTRAINT `FK_2B8C7691FF17033F` FOREIGN KEY (`favori_id`) REFERENCES `athlete` (`id`);

--
-- Contraintes pour la table `association`
--
ALTER TABLE `association`
    ADD CONSTRAINT `FK_7B19AE1BAC78BCF8` FOREIGN KEY (`sport_id`) REFERENCES `sport` (`id`);

--
-- Contraintes pour la table `athlete`
--
ALTER TABLE `athlete`
    ADD CONSTRAINT `FK_F86BABD20F64684` FOREIGN KEY (`ranking_id`) REFERENCES `classement` (`id`),
  ADD CONSTRAINT `FK_F86BABD87998E` FOREIGN KEY (`origine_id`) REFERENCES `pays` (`id`),
  ADD CONSTRAINT `FK_F86BABDA6E44244` FOREIGN KEY (`pays_id`) REFERENCES `pays` (`id`),
  ADD CONSTRAINT `FK_F86BABDAC78BCF8` FOREIGN KEY (`sport_id`) REFERENCES `sport` (`id`),
  ADD CONSTRAINT `FK_F86BABDB4BB6BBC` FOREIGN KEY (`birth_place_id`) REFERENCES `city` (`id`);

--
-- Contraintes pour la table `athlete_equipe`
--
ALTER TABLE `athlete_equipe`
    ADD CONSTRAINT `FK_8C286E596D861B89` FOREIGN KEY (`equipe_id`) REFERENCES `equipe` (`id`) ON DELETE CASCADE,
  ADD CONSTRAINT `FK_8C286E59FE6BCB8B` FOREIGN KEY (`athlete_id`) REFERENCES `athlete` (`id`) ON DELETE CASCADE;

--
-- Contraintes pour la table `bankroll`
--
ALTER TABLE `bankroll`
    ADD CONSTRAINT `FK_F0B6980C7E3C61F9` FOREIGN KEY (`owner_id`) REFERENCES `user` (`id`);

--
-- Contraintes pour la table `bet`
--
ALTER TABLE `bet`
    ADD CONSTRAINT `FK_C3BDAA7B48A60577` FOREIGN KEY (`affiche_id`) REFERENCES `affiche` (`id`),
  ADD CONSTRAINT `FK_C3BDAA7B938D61FC` FOREIGN KEY (`TypedePari_id`) REFERENCES `typedepari` (`id`);

--
-- Contraintes pour la table `choix`
--
ALTER TABLE `choix`
    ADD CONSTRAINT `FK_8E89AF9571179CD6` FOREIGN KEY (`name_id`) REFERENCES `typepari` (`id`),
  ADD CONSTRAINT `FK_8E89AF95EE90C4AE` FOREIGN KEY (`pari_id`) REFERENCES `pari` (`id`);

--
-- Contraintes pour la table `city`
--
ALTER TABLE `city`
    ADD CONSTRAINT `FK_8D69AD0AA6E44244` FOREIGN KEY (`pays_id`) REFERENCES `pays` (`id`),
  ADD CONSTRAINT `FK_8D69AD0AF92F3E70` FOREIGN KEY (`country_id`) REFERENCES `pays` (`id`);

--
-- Contraintes pour la table `classement`
--
ALTER TABLE `classement`
    ADD CONSTRAINT `FK_1AB39EBDEFB9C8A5` FOREIGN KEY (`association_id`) REFERENCES `association` (`id`);

--
-- Contraintes pour la table `document`
--
ALTER TABLE `document`
    ADD CONSTRAINT `FK_211FE820FCC1DF54` FOREIGN KEY (`athete_id`) REFERENCES `athlete` (`id`);

--
-- Contraintes pour la table `equipe`
--
ALTER TABLE `equipe`
    ADD CONSTRAINT `FK_23E5BF23A6E44244` FOREIGN KEY (`pays_id`) REFERENCES `pays` (`id`),
  ADD CONSTRAINT `FK_23E5BF23AC78BCF8` FOREIGN KEY (`sport_id`) REFERENCES `sport` (`id`),
  ADD CONSTRAINT `FK_23E5BF23F607770A` FOREIGN KEY (`tournoi_id`) REFERENCES `tournoi` (`id`);

--
-- Contraintes pour la table `equipe_athlete`
--
ALTER TABLE `equipe_athlete`
    ADD CONSTRAINT `FK_183B9F9D6D861B89` FOREIGN KEY (`equipe_id`) REFERENCES `equipe` (`id`) ON DELETE CASCADE,
  ADD CONSTRAINT `FK_183B9F9DFE6BCB8B` FOREIGN KEY (`athlete_id`) REFERENCES `athlete` (`id`) ON DELETE CASCADE;

--
-- Contraintes pour la table `game`
--
ALTER TABLE `game`
    ADD CONSTRAINT `FK_83199EB22A68F4D1` FOREIGN KEY (`formule_id`) REFERENCES `formule` (`id`),
  ADD CONSTRAINT `FK_83199EB2727ACA70` FOREIGN KEY (`parent_id`) REFERENCES `game` (`id`),
  ADD CONSTRAINT `FK_83199EB29FBD62B1` FOREIGN KEY (`parieur_id`) REFERENCES `user` (`id`);

--
-- Contraintes pour la table `game_pronostic`
--
ALTER TABLE `game_pronostic`
    ADD CONSTRAINT `FK_34ED1DDC2DD5CFE7` FOREIGN KEY (`pronostic_id`) REFERENCES `pronostic` (`id`) ON DELETE CASCADE,
  ADD CONSTRAINT `FK_34ED1DDCE48FD905` FOREIGN KEY (`game_id`) REFERENCES `game` (`id`) ON DELETE CASCADE;

--
-- Contraintes pour la table `jeu`
--
ALTER TABLE `jeu`
    ADD CONSTRAINT `FK_BAA9CB552A68F4D1` FOREIGN KEY (`formule_id`) REFERENCES `formule` (`id`),
  ADD CONSTRAINT `FK_BAA9CB552DD5CFE7` FOREIGN KEY (`pronostic_id`) REFERENCES `pronostic` (`id`),
  ADD CONSTRAINT `FK_BAA9CB559FBD62B1` FOREIGN KEY (`parieur_id`) REFERENCES `user` (`id`);

--
-- Contraintes pour la table `les2joueurswin1set`
--
ALTER TABLE `les2joueurswin1set`
    ADD CONSTRAINT `FK_6C0BEC3848A60577` FOREIGN KEY (`affiche_id`) REFERENCES `affiche` (`id`);

--
-- Contraintes pour la table `nombre2sets`
--
ALTER TABLE `nombre2sets`
    ADD CONSTRAINT `FK_3BCDBCDA48A60577` FOREIGN KEY (`affiche_id`) REFERENCES `affiche` (`id`);

--
-- Contraintes pour la table `pari`
--
ALTER TABLE `pari`
    ADD CONSTRAINT `FK_8A3BB3212A68F4D1` FOREIGN KEY (`formule_id`) REFERENCES `formule` (`id`),
  ADD CONSTRAINT `FK_8A3BB32160BB6FE6` FOREIGN KEY (`auteur_id`) REFERENCES `user` (`id`),
  ADD CONSTRAINT `FK_8A3BB321737C2DC5` FOREIGN KEY (`mise_id`) REFERENCES `transaction` (`id`),
  ADD CONSTRAINT `FK_8A3BB321D871DC26` FOREIGN KEY (`bet_id`) REFERENCES `bet` (`id`);

--
-- Contraintes pour la table `pays`
--
ALTER TABLE `pays`
    ADD CONSTRAINT `FK_94AD93909F2C3FAB` FOREIGN KEY (`zone_id`) REFERENCES `continent` (`id`),
  ADD CONSTRAINT `FK_94AD9390B126FF46` FOREIGN KEY (`capitale_id`) REFERENCES `city` (`id`);

--
-- Contraintes pour la table `pronostic`
--
ALTER TABLE `pronostic`
    ADD CONSTRAINT `FK_64BA5E7D48A60577` FOREIGN KEY (`affiche_id`) REFERENCES `affiche` (`id`),
  ADD CONSTRAINT `FK_64BA5E7DA6E256C5` FOREIGN KEY (`game1_id`) REFERENCES `game` (`id`),
  ADD CONSTRAINT `FK_64BA5E7DD871DC26` FOREIGN KEY (`bet_id`) REFERENCES `bet` (`id`),
  ADD CONSTRAINT `FK_64BA5E7DF675F31B` FOREIGN KEY (`author_id`) REFERENCES `user` (`id`);

--
-- Contraintes pour la table `pronostic_game`
--
ALTER TABLE `pronostic_game`
    ADD CONSTRAINT `FK_50A2B0C52DD5CFE7` FOREIGN KEY (`pronostic_id`) REFERENCES `pronostic` (`id`) ON DELETE CASCADE,
  ADD CONSTRAINT `FK_50A2B0C5E48FD905` FOREIGN KEY (`game_id`) REFERENCES `game` (`id`) ON DELETE CASCADE;

--
-- Contraintes pour la table `tournoi`
--
ALTER TABLE `tournoi`
    ADD CONSTRAINT `FK_D712E0438BAC62AF` FOREIGN KEY (`city_id`) REFERENCES `city` (`id`),
  ADD CONSTRAINT `FK_D712E043AC78BCF8` FOREIGN KEY (`sport_id`) REFERENCES `sport` (`id`),
  ADD CONSTRAINT `FK_D712E043CA11F534` FOREIGN KEY (`surface_id`) REFERENCES `surface` (`id`),
  ADD CONSTRAINT `FK_D712E043F4E9CCA9` FOREIGN KEY (`tenant_titre_id`) REFERENCES `athlete` (`id`);

--
-- Contraintes pour la table `transaction`
--
ALTER TABLE `transaction`
    ADD CONSTRAINT `FK_F4AB8A0660BB6FE6` FOREIGN KEY (`auteur_id`) REFERENCES `user` (`id`),
  ADD CONSTRAINT `FK_F4AB8A068C9E392E` FOREIGN KEY (`jeu_id`) REFERENCES `jeu` (`id`),
  ADD CONSTRAINT `FK_F4AB8A06E48FD905` FOREIGN KEY (`game_id`) REFERENCES `game` (`id`);

--
-- Contraintes pour la table `type2choix`
--
ALTER TABLE `type2choix`
    ADD CONSTRAINT `FK_BA731832AC78BCF8` FOREIGN KEY (`sport_id`) REFERENCES `sport` (`id`);

--
-- Contraintes pour la table `typedepari`
--
ALTER TABLE `typedepari`
    ADD CONSTRAINT `FK_13631054B9C7075E` FOREIGN KEY (`type2choix_id`) REFERENCES `type2choix` (`id`);

--
-- Contraintes pour la table `typopari`
--
ALTER TABLE `typopari`
    ADD CONSTRAINT `FK_768136CD48A60577` FOREIGN KEY (`affiche_id`) REFERENCES `affiche` (`id`);

--
-- Contraintes pour la table `user`
--
ALTER TABLE `user`
    ADD CONSTRAINT `FK_2DA17977BC7F70A9` FOREIGN KEY (`solde_id`) REFERENCES `bankroll` (`id`);

--
-- Contraintes pour la table `vainqueur`
--
ALTER TABLE `vainqueur`
    ADD CONSTRAINT `FK_EDDCE6D248A60577` FOREIGN KEY (`affiche_id`) REFERENCES `affiche` (`id`);
COMMIT;

/*!40101 SET CHARACTER_SET_CLIENT=@OLD_CHARACTER_SET_CLIENT */;
/*!40101 SET CHARACTER_SET_RESULTS=@OLD_CHARACTER_SET_RESULTS */;
/*!40101 SET COLLATION_CONNECTION=@OLD_COLLATION_CONNECTION */;